{
    "prlp": {
        "wiki-Vote": {
            "speedup lst": [
                1.0, 
                1.504163183244372, 
                2.313043908227848, 
                3.926250364441146, 
                6.096321496916861, 
                9.344114938371805, 
                7.0391158348248934
            ], 
            "computation time": [
                0.888801, 
                0.590894, 
                0.384256, 
                0.226374, 
                0.145793, 
                0.0951188, 
                0.126266
            ], 
            "thread num lst": [
                1, 
                2, 
                4, 
                8, 
                16, 
                32, 
                56
            ]
        }, 
        "cit-Patents": {
            "speedup lst": [
                1.0, 
                1.4161686704135181, 
                2.5754357144690574, 
                4.606094549060294, 
                8.182604043659518, 
                12.446214151037015, 
                14.78745040706003
            ], 
            "computation time": [
                501.682, 
                354.253, 
                194.795, 
                108.917, 
                61.3108, 
                40.308, 
                33.9262
            ], 
            "thread num lst": [
                1, 
                2, 
                4, 
                8, 
                16, 
                32, 
                56
            ]
        }, 
        "email-EuAll": {
            "speedup lst": [
                1.0, 
                1.538810202241043, 
                2.4819430291585256, 
                3.594419758301449, 
                5.408082199036068, 
                6.962581037702201, 
                7.034978006253644
            ], 
            "computation time": [
                13.2743, 
                8.62634, 
                5.34835, 
                3.69303, 
                2.45453, 
                1.90652, 
                1.8869
            ], 
            "thread num lst": [
                1, 
                2, 
                4, 
                8, 
                16, 
                32, 
                56
            ]
        }, 
        "web-Stanford": {
            "speedup lst": [
                1.0, 
                1.9450068378837597, 
                3.7299169875661966, 
                6.503987915940703, 
                11.570583001450052, 
                12.337149643818988, 
                10.444996095283184
            ], 
            "computation time": [
                516.269, 
                265.433, 
                138.413, 
                79.3773, 
                44.6191, 
                41.8467, 
                49.4274
            ], 
            "thread num lst": [
                1, 
                2, 
                4, 
                8, 
                16, 
                32, 
                56
            ]
        }, 
        "ca-HepTh": {
            "speedup lst": [
                1.0, 
                1.5294258434323809, 
                2.4927734422083567, 
                4.290860805238995, 
                6.9094001518602886, 
                8.437880181596984, 
                8.471753621569285
            ], 
            "computation time": [
                1.13746, 
                0.743717, 
                0.456303, 
                0.265089, 
                0.164625, 
                0.134804, 
                0.134265
            ], 
            "thread num lst": [
                1, 
                2, 
                4, 
                8, 
                16, 
                32, 
                56
            ]
        }, 
        "web-BerkStan": {
            "speedup lst": [
                1.0, 
                1.9305490652590478, 
                3.8665507378004706, 
                7.0668643784730305, 
                12.250149138505806, 
                14.655544278767788, 
                11.451381428419127
            ], 
            "computation time": [
                1396.37, 
                723.302, 
                361.141, 
                197.594, 
                113.988, 
                95.2793, 
                121.939
            ], 
            "thread num lst": [
                1, 
                2, 
                4, 
                8, 
                16, 
                32, 
                56
            ]
        }, 
        "web-NotreDame": {
            "speedup lst": [
                1.0, 
                1.495406682342223, 
                2.656988280630275, 
                3.823435990418084, 
                6.249655224631293, 
                8.126327337168254, 
                3.9168220180998543
            ], 
            "computation time": [
                1155.58, 
                772.753, 
                434.921, 
                302.236, 
                184.903, 
                142.202, 
                295.03
            ], 
            "thread num lst": [
                1, 
                2, 
                4, 
                8, 
                16, 
                32, 
                56
            ]
        }, 
        "p2p-Gnutella06": {
            "speedup lst": [
                1.0, 
                1.4234089449498384, 
                2.240657903454165, 
                3.922149824541812, 
                6.450400875922721, 
                8.929524163423363, 
                8.145061590744888
            ], 
            "computation time": [
                0.913151, 
                0.641524, 
                0.407537, 
                0.232819, 
                0.141565, 
                0.102262, 
                0.112111
            ], 
            "thread num lst": [
                1, 
                2, 
                4, 
                8, 
                16, 
                32, 
                56
            ]
        }, 
        "soc-LiveJournal1": {
            "speedup lst": [
                1.0, 
                1.4931332050089756, 
                3.003001348431904, 
                5.630239765128039, 
                10.555784902833205, 
                16.433141234002374, 
                19.618951390094885
            ], 
            "computation time": [
                6213.42, 
                4161.33, 
                2069.07, 
                1103.58, 
                588.627, 
                378.103, 
                316.705
            ], 
            "thread num lst": [
                1, 
                2, 
                4, 
                8, 
                16, 
                32, 
                56
            ]
        }, 
        "web-Google": {
            "speedup lst": [
                1.0, 
                1.5731862986410836, 
                2.8088701970984573, 
                4.60101618870641, 
                8.103627477719872, 
                12.136912739822517, 
                12.118836984980021
            ], 
            "computation time": [
                109.933, 
                69.8792, 
                39.1378, 
                23.8932, 
                13.5659, 
                9.05774, 
                9.07125
            ], 
            "thread num lst": [
                1, 
                2, 
                4, 
                8, 
                16, 
                32, 
                56
            ]
        }, 
        "ca-GrQc": {
            "speedup lst": [
                1.0, 
                1.6123477143727816, 
                2.31843601835973, 
                3.993402655227649, 
                6.117543815869372, 
                8.014989314364742, 
                5.882854057513099
            ], 
            "computation time": [
                0.735445, 
                0.456133, 
                0.317216, 
                0.184165, 
                0.120219, 
                0.0917587, 
                0.125015
            ],