{
    "prlp": {
        "wiki-Vote": {
            "speedup lst": [
                1.0, 
                1.3097518529388663, 
                2.436520976825139, 
                3.7603519279687, 
                6.222427336999214, 
                8.536795214915669, 
                8.451254967858953
            ], 
            "computation time": [
                0.950538, 
                0.725739, 
                0.390121, 
                0.252779, 
                0.15276, 
                0.111346, 
                0.112473
            ], 
            "thread num lst": [
                1, 
                2, 
                4, 
                8, 
                16, 
                32, 
                56
            ]
        }, 
        "cit-Patents": {
            "speedup lst": [
                1.0, 
                1.5378138779774557, 
                2.897595244528506, 
                5.354398666179263, 
                10.139785400116502, 
                15.607139515785315, 
                22.790870657528213
            ], 
            "computation time": [
                600.544, 
                390.518, 
                207.256, 
                112.159, 
                59.2265, 
                38.4788, 
                26.3502
            ], 
            "thread num lst": [
                1, 
                2, 
                4, 
                8, 
                16, 
                32, 
                56
            ]
        }, 
        "email-EuAll": {
            "speedup lst": [
                1.0, 
                1.4044921348693076, 
                2.3014840828492185, 
                3.588624327951567, 
                5.568544146369965, 
                7.080602622543687, 
                6.823791137136574
            ], 
            "computation time": [
                13.3429, 
                9.50016, 
                5.79752, 
                3.71811, 
                2.39612, 
                1.88443, 
                1.95535
            ], 
            "thread num lst": [
                1, 
                2, 
                4, 
                8, 
                16, 
                32, 
                56
            ]
        }, 
        "web-Stanford": {
            "speedup lst": [
                1.0, 
                1.5565192070524825, 
                2.7801545011855286, 
                4.327462636813157, 
                6.165584092492242, 
                6.976640034395041, 
                6.975917010090981
            ], 
            "computation time": [
                545.23, 
                350.288, 
                196.115, 
                125.993, 
                88.4312, 
                78.1508, 
                78.1589
            ], 
            "thread num lst": [
                1, 
                2, 
                4, 
                8, 
                16, 
                32, 
                56
            ]
        }, 
        "ca-HepTh": {
            "speedup lst": [
                1.0, 
                1.4755356709121334, 
                2.5947653962058443, 
                4.004056676947951, 
                6.481705268246099, 
                9.2514219365261, 
                10.267052616835521
            ], 
            "computation time": [
                1.09955, 
                0.745187, 
                0.423757, 
                0.274609, 
                0.169639, 
                0.118852, 
                0.107095
            ], 
            "thread num lst": [
                1, 
                2, 
                4, 
                8, 
                16, 
                32, 
                56
            ]
        }, 
        "web-BerkStan": {
            "speedup lst": [
                1.0, 
                1.45272898072045, 
                2.5653247796014687, 
                4.382661676386108, 
                6.9928061550426355, 
                8.580026446010605, 
                6.716411539672292
            ], 
            "computation time": [
                1258.81, 
                866.514, 
                490.702, 
                287.225, 
                180.015, 
                146.714, 
                187.423
            ], 
            "thread num lst": [
                1, 
                2, 
                4, 
                8, 
                16, 
                32, 
                56
            ]
        }, 
        "web-NotreDame": {
            "speedup lst": [
                1.0, 
                1.5482331388902277, 
                2.7248734546055378, 
                4.725994772001161, 
                8.494967213799441, 
                11.757729326640524, 
                12.112012068640391
            ], 
            "computation time": [
                1220.37, 
                788.234, 
                447.863, 
                258.225, 
                143.658, 
                103.793, 
                100.757
            ], 
            "thread num lst": [
                1, 
                2, 
                4, 
                8, 
                16, 
                32, 
                56
            ]
        }, 
        "p2p-Gnutella06": {
            "speedup lst": [
                1.0, 
                1.2667130817149137, 
                2.078924135741142, 
                3.565375777153442, 
                5.7855784808601225, 
                8.525857306341502, 
                8.152433329874441
            ], 
            "computation time": [
                0.864215, 
                0.68225, 
                0.415703, 
                0.242391, 
                0.149374, 
                0.101364, 
                0.106007
            ], 
            "thread num lst": [
                1, 
                2, 
                4, 
                8, 
                16, 
                32, 
                56
            ]
        }, 
        "soc-LiveJournal1": {
            "speedup lst": [
                1.0, 
                1.5117693195993251, 
                2.899628624244342, 
                5.538769862098582, 
                10.903477643718949, 
                16.69587063738385, 
                22.53397295968111
            ], 
            "computation time": [
                5223.42, 
                3455.17, 
                1801.41, 
                943.065, 
                479.06, 
                312.857, 
                231.802
            ], 
            "thread num lst": [
                1, 
                2, 
                4, 
                8, 
                16, 
                32, 
                56
            ]
        }, 
        "web-Google": {
            "speedup lst": [
                1.0, 
                1.3808197529830546, 
                2.560588049780452, 
                4.771591962207003, 
                8.37558819561819, 
                11.660045866897622, 
                13.718981195052589
            ], 
            "computation time": [
                105.55, 
                76.4401, 
                41.221, 
                22.1205, 
                12.6021, 
                9.05228, 
                7.69372
            ], 
            "thread num lst": [
                1, 
                2, 
                4, 
                8, 
                16, 
                32, 
                56
            ]
        }, 
        "ca-GrQc": {
            "speedup lst": [
                1.0, 
                1.354665011833088, 
                2.257429876227608, 
                3.7265155732273034, 
                5.6085502956219235, 
                7.384395902472027, 
                7.057929293588548
            ], 
            "computation time": [
                0.702914, 
                0.518884, 
                0.311378, 
                0.188625, 
                0.125329, 
                0.0951891, 
                0.0995921
            ],