{
    "prlp-with-lock": {
        "wiki-Vote": {
            "gen accumulation": [
                0.176, 
                0.172, 
                0.113, 
                0.067, 
                0.048, 
                0.033, 
                0.041
            ], 
            "speedup lst": [
                1.0, 
                1.0232558139534884, 
                1.557522123893805, 
                2.6268656716417906, 
                3.6666666666666665, 
                5.333333333333333, 
                4.292682926829268
            ], 
            "thread num lst": [
                1, 
                2, 
                4, 
                8, 
                16, 
                32, 
                56
            ]
        }, 
        "cit-Patents": {
            "gen accumulation": [
                229.586, 
                162.294, 
                84.93, 
                43.831, 
                22.134, 
                12.077, 
                8.443
            ], 
            "speedup lst": [
                1.0, 
                1.4146302389490677, 
                2.7032379606734955, 
                5.237982250005704, 
                10.372549019607844, 
                19.010184648505426, 
                27.192467132535832
            ], 
            "thread num lst": [
                1, 
                2, 
                4, 
                8, 
                16, 
                32, 
                56
            ]
        }, 
        "email-EuAll": {
            "gen accumulation": [
                6.136, 
                4.293, 
                2.989, 
                1.821, 
                1.224, 
                0.991, 
                0.951
            ], 
            "speedup lst": [
                1.0, 
                1.4293035173538318, 
                2.052860488457678, 
                3.369577155409116, 
                5.0130718954248366, 
                6.191725529767911, 
                6.452155625657204
            ], 
            "thread num lst": [
                1, 
                2, 
                4, 
                8, 
                16, 
                32, 
                56
            ]
        }, 
        "web-Stanford": {
            "gen accumulation": [
                112.671, 
                116.252, 
                80.911, 
                57.692, 
                46.68, 
                43.453, 
                42.932
            ], 
            "speedup lst": [
                1.0, 
                0.9691962288820839, 
                1.3925300638973688, 
                1.9529744158635514, 
                2.4136889460154243, 
                2.5929394978482496, 
                2.6244060374545795
            ], 
            "thread num lst": [
                1, 
                2, 
                4, 
                8, 
                16, 
                32, 
                56
            ]
        }, 
        "ca-HepTh": {
            "gen accumulation": [
                0.277, 
                0.196, 
                0.108, 
                0.069, 
                0.042, 
                0.032, 
                0.031
            ], 
            "speedup lst": [
                1.0, 
                1.413265306122449, 
                2.564814814814815, 
                4.0144927536231885, 
                6.595238095238096, 
                8.65625, 
                8.935483870967742
            ], 
            "thread num lst": [
                1, 
                2, 
                4, 
                8, 
                16, 
                32, 
                56
            ]
        }, 
        "web-BerkStan": {
            "gen accumulation": [
                253.622, 
                288.79, 
                200.719, 
                133.299, 
                89.547, 
                73.912, 
                76.638
            ], 
            "speedup lst": [
                1.0, 
                0.8782229301568614, 
                1.2635674749276353, 
                1.9026549336454137, 
                2.832278021597597, 
                3.4314049139517264, 
                3.3093504527779953
            ], 
            "thread num lst": [
                1, 
                2, 
                4, 
                8, 
                16, 
                32, 
                56
            ]
        }, 
        "web-NotreDame": {
            "gen accumulation": [
                540.693, 
                397.35, 
                241.876, 
                128.095, 
                72.339, 
                54.124, 
                61.987
            ], 
            "speedup lst": [
                1.0, 
                1.3607474518686296, 
                2.235414013792191, 
                4.221031265857372, 
                7.474432878530253, 
                9.989893577710442, 
                8.722683788536305
            ], 
            "thread num lst": [
                1, 
                2, 
                4, 
                8, 
                16, 
                32, 
                56
            ]
        }, 
        "p2p-Gnutella06": {
            "gen accumulation": [
                0.257, 
                0.187, 
                0.11, 
                0.061, 
                0.032, 
                0.024, 
                0.024
            ], 
            "speedup lst": [
                1.0, 
                1.374331550802139, 
                2.3363636363636364, 
                4.213114754098361, 
                8.03125, 
                10.708333333333334, 
                10.708333333333334
            ], 
            "thread num lst": [
                1, 
                2, 
                4, 
                8, 
                16, 
                32, 
                56
            ]
        }, 
        "soc-LiveJournal1": {
            "gen accumulation": [
                1012.708, 
                668.395, 
                333.796, 
                179.807, 
                95.22, 
                57.785, 
                46.2
            ], 
            "speedup lst": [
                1.0, 
                1.5151340150659416, 
                3.0339129288547495, 
                5.632194519679434, 
                10.635454736399916, 
                17.52544778056589, 
                21.92008658008658
            ], 
            "thread num lst": [
                1, 
                2, 
                4, 
                8, 
                16, 
                32, 
                56
            ]
        }, 
        "web-Google": {
            "gen accumulation": [
                33.186, 
                26.068, 
                13.648, 
                7.297, 
                4.132, 
                2.584, 
                2.271
            ], 
            "speedup lst": [
                1.0, 
                1.2730550866963326, 
                2.431565064478312, 
                4.547896395779087, 
                8.031461761858665, 
                12.842879256965944, 
                14.612945838837517
            ], 
            "thread num lst": [
                1, 
                2, 
                4, 
                8, 
                16, 
                32, 
                56
            ]
        }, 
        "ca-GrQc": {
            "gen accumulation": [
                0.147, 
                0.115, 
                0.072, 
                0.053, 
                0.044, 
                0.032, 
                0.031
            ], 
            "speedup lst": [
                1.0, 
                1.2782608695652173, 
                2.0416666666666665, 
                2.7735849056603774, 
                3.340909090909091, 
                4.59375, 
                4.741935483870967
            ],