{
    "flp": {
        "0.6": {
            "0.001": 89.96484375,
            "0.002": 63.625,
            "0.003": 53.53515625,
            "0.004": 47.76953125,
            "0.005": 43.734375,
            "0.006": 40.57421875,
            "0.007": 37.80078125,
            "0.008": 35.74609375,
            "0.009": 33.83984375,
            "0.010": 32.30078125,
            "0.011": 30.83203125,
            "0.012": 29.5546875,
            "0.013": 28.3828125,
            "0.014": 27.37109375,
            "0.015": 26.44140625,
            "0.016": 25.6484375,
            "0.017": 24.859375,
            "0.018": 24.10546875,
            "0.019": 23.4453125,
            "0.020": 22.89453125,
            "0.021": 22.24609375,
            "0.022": 21.70703125,
            "0.023": 21.2421875,
            "0.024": 20.80859375,
            "0.025": 20.34375,
            "0.026": 19.96875,
            "0.027": 19.61328125,
            "0.028": 19.16796875,
            "0.029": 18.8125,
            "0.030": 18.4921875,
            "0.031": 18.1484375,
            "0.032": 17.8828125,
            "0.033": 17.58203125,
            "0.034": 17.36328125,
            "0.035": 17.109375,
            "0.036": 16.9140625,
            "0.037": 16.71484375,
            "0.038": 16.4609375,
            "0.039": 16.265625,
            "0.040": 16.12109375,
            "0.041": 15.953125,
            "0.042": 15.75,
            "0.043": 15.57421875,
            "0.044": 15.421875,
            "0.045": 15.2578125,
            "0.046": 15.1953125,
            "0.047": 15.04296875,
            "0.048": 14.90625,
            "0.049": 14.8203125,
            "0.050": 14.703125,
            "0.051": 14.61328125,
            "0.052": 14.515625,
            "0.053": 14.44140625,
            "0.054": 14.34375,
            "0.055": 14.24609375,
            "0.056": 14.1875,
            "0.057": 14.078125,
            "0.058": 14.00390625,
            "0.059": 13.94921875,
            "0.060": 13.8671875,
            "0.061": 13.80078125,
            "0.062": 13.765625,
            "0.063": 13.61328125,
            "0.064": 13.546875,
            "0.065": 13.47265625,
            "0.066": 13.40234375,
            "0.067": 13.328125,
            "0.068": 13.30859375,
            "0.069": 13.24609375,
            "0.070": 13.2109375,
            "0.071": 13.17578125,
            "0.072": 13.0859375,
            "0.073": 13.0390625,
            "0.074": 12.99609375,
            "0.075": 12.91796875,
            "0.076": 12.8984375,
            "0.077": 12.84765625,
            "0.078": 12.80078125,
            "0.079": 12.75,
            "0.080": 12.7265625,
            "0.081": 12.69921875,
            "0.082": 12.65625,
            "0.083": 12.63671875,
            "0.084": 12.52734375,
            "0.085": 12.48828125,
            "0.086": 12.48046875,
            "0.087": 12.44140625,
            "0.088": 12.41015625,
            "0.089": 12.375,
            "0.090": 12.37109375,
            "0.091": 12.33203125,
            "0.092": 12.32421875,
            "0.093": 12.30859375,
            "0.094": 12.2265625,
            "0.095": 12.22265625,
            "0.096": 12.1953125,
            "0.097": 12.19140625,
            "0.098": 12.17578125,
            "0.099": 12.15234375,
            "0.100": 12.0703125
        }
    },
    "rlp": {
        "0.6": {
            "0.001": 49.14453125,
            "0.002": 36.1640625,
            "0.003": 31.1953125,
            "0.004": 28.2890625,
            "0.005": 26.25,
            "0.006": 24.68359375,
            "0.007": 23.3359375,
            "0.008": 22.26171875,
            "0.009": 21.296875,
            "0.010": 20.51171875,
            "0.011": 19.73828125,
            "0.012": 19.140625,
            "0.013": 18.51953125,
            "0.014": 18.0078125,
            "0.015": 17.5078125,
            "0.016": 17.08203125,
            "0.017": 16.6953125,
            "0.018": 16.328125,
            "0.019": 16.015625,
            "0.020": 15.70703125,
            "0.021": 15.40234375,
            "0.022": 15.1953125,
            "0.023": 14.89453125,
            "0.024": 14.703125,
            "0.025": 14.48828125,
            "0.026": 14.28515625,
            "0.027": 14.08984375,
            "0.028": 13.84375,
            "0.029": 13.671875,
            "0.030": 13.51171875,
            "0.031": 13.34765625,
            "0.032": 13.20703125,
            "0.033": 13.0859375,
            "0.034": 12.9765625,
            "0.035": 12.87890625,
            "0.036": 12.75,
            "0.037": 12.640625,
            "0.038": 12.55078125,
            "0.039": 12.44921875,
            "0.040": 12.3828125,
            "0.041": 12.26953125,
            "0.042": 12.171875,
            "0.043": 12.10546875,
            "0.044": 12.03125,
            "0.045": 12.00390625,
            "0.046": 11.92578125,
            "0.047": 11.875,
            "0.048": 11.81640625,
            "0.049": 11.74609375,
            "0.050": 11.69921875,
            "0.051": 11.62890625,
            "0.052": 11.58203125,
            "0.053": 11.5546875,
            "0.054": 11.51953125,
            "0.055": 11.484375,
            "0.056": 11.453125,
            "0.057": 11.39453125,
            "0.058": 11.37109375,
            "0.059": 11.30078125,
            "0.060": 11.28125,
            "0.061": 11.2265625,
            "0.062": 11.20703125,
            "0.063": 11.1796875,
            "0.064": 11.14453125,
            "0.065": 11.1171875,
            "0.066": 11.09375,
            "0.067": 11.0234375,
            "0.068": 11.0,
            "0.069": 10.96875,
            "0.070": 10.953125,
            "0.071": 10.9453125,
            "0.072": 10.89453125,
            "0.073": 10.87109375,
            "0.074": 10.84765625,
            "0.075": 10.82421875,
            "0.076": 10.8359375,
            "0.077": 10.75390625,
            "0.078": 10.7421875,
            "0.079": 10.7421875,
            "0.080": 10.70703125,
            "0.081": 10.703125,
            "0.082": 10.6953125,
            "0.083": 10.6796875,
            "0.084": 10.671875,
            "0.085": 10.65625,
            "0.086": 10.625,
            "0.087": 10.6015625,
            "0.088": 10.59765625,
            "0.089": 10.6015625,
            "0.090": 10.5859375,
            "0.091": 10.54296875,
            "0.092": 10.546875,
            "0.093": 10.53125,
            "0.094": 10.51171875,
            "0.095": 10.52734375,
            "0.096": 10.50390625,
            "0.097": 10.46484375,
            "0.098": 10.45703125,
            "0.099": 10.4453125,
            "0.100": 10.453125
        }
    },
    "sling_ss_ap_bench": {
        "0.6": {
            "0.001": 389.78125,
            "0.002": 261.609375,
            "0.003": 210.3671875,
            "0.004": 181.75,
            "0.005": 163.19140625,
            "0.006": 150.1953125,
            "0.007": 140.48046875,
            "0.008": 132.9453125,
            "0.009": 126.72265625,
            "0.010": 121.6953125,
            "0.011": 117.57421875,
            "0.012": 113.9375,
            "0.013": 110.61328125,
            "0.014": 107.9765625,
            "0.015": 105.296875,
            "0.016": 103.26171875,
            "0.017": 101.2578125,
            "0.018": 99.49609375,
            "0.019": 97.91796875,
            "0.020": 96.421875,
            "0.021": 95.00390625,
            "0.022": 93.76953125,
            "0.023": 92.41796875,
            "0.024": 91.34765625,
            "0.025": 90.328125,
            "0.026": 89.4140625,
            "0.027": 88.65625,
            "0.028": 87.6484375,
            "0.029": 87.0234375,
            "0.030": 86.3203125,
            "0.031": 85.53515625,
            "0.032": 84.88671875,
            "0.033": 84.22265625,
            "0.034": 83.73828125,
            "0.035": 83.140625,
            "0.036": 82.62109375,
            "0.037": 82.01953125,