{
    "flp": {
        "0.1": {
            "0.01": 0.026678481333333334
        },
        "0.2": {
            "0.01": 0.07223479133333334
        },
        "0.3": {
            "0.01": 0.17472763666666666
        },
        "0.4": {
            "0.01": 0.34596904066666667
        },
        "0.5": {
            "0.01": 0.5944724973333334
        },
        "0.6": {
            "0.01": 0.782004966
        },
        "0.7": {
            "0.01": 1.4661704660000001
        },
        "0.8": {
            "0.01": 2.83205914
        },
        "0.9": {
            "0.01": 11.95287485
        }
    },
    "rlp": {
        "0.1": {
            "0.01": 0.017751555999999998
        },
        "0.2": {
            "0.01": 0.040038746666666666
        },
        "0.3": {
            "0.01": 0.10119936466666667
        },
        "0.4": {
            "0.01": 0.195925554
        },
        "0.5": {
            "0.01": 0.25546673466666664
        },
        "0.6": {
            "0.01": 0.4810817166666667
        },
        "0.7": {
            "0.01": 0.7696149466666666
        },
        "0.8": {
            "0.01": 1.587304624
        },
        "0.9": {
            "0.01": 6.239861470666667
        }
    },
    "sling_ss_ap_bench": {
        "0.1": {
            "0.01": 0.491961733
        },
        "0.2": {
            "0.01": 0.952737565
        },
        "0.3": {
            "0.01": 1.818413249
        },
        "0.4": {
            "0.01": 2.849693842
        },
        "0.5": {
            "0.01": 5.446813013
        },
        "0.6": {
            "0.01": 8.736245351
        },
        "0.7": {
            "0.01": 71.681992472
        },
        "0.8": {
            "0.01": 386.78612519
        },
        "0.9": {
            "0.01": 2800.78612519
        }
    },
    "pcg": {
        "0.1": {
            "0.01": 1.56623
        },
        "0.2": {
            "0.01": 1.53576
        },
        "0.3": {
            "0.01": 1.53069
        },
        "0.4": {
            "0.01": 4.46443
        },
        "0.5": {
            "0.01": 4.43084
        },
        "0.6": {
            "0.01": 5.79259
        },
        "0.7": {
            "0.01": 6.81762
        },
        "0.8": {
            "0.01": 6.83444
        },
        "0.9": {
            "0.01": 9.23453
        }
    }
}