{
    "flp": {
        "0.1": {
            "0.01": 11.53515625
        },
        "0.2": {
            "0.01": 13.3671875
        },
        "0.3": {
            "0.01": 16.12890625
        },
        "0.4": {
            "0.01": 20.11328125
        },
        "0.5": {
            "0.01": 25.375
        },
        "0.6": {
            "0.01": 32.3046875
        },
        "0.7": {
            "0.01": 42.5859375
        },
        "0.8": {
            "0.01": 62.87890625
        },
        "0.9": {
            "0.01": 146.78125
        }
    },
    "rlp": {
        "0.1": {
            "0.01": 10.18359375
        },
        "0.2": {
            "0.01": 11.15234375
        },
        "0.3": {
            "0.01": 12.47265625
        },
        "0.4": {
            "0.01": 14.45703125
        },
        "0.5": {
            "0.01": 17.0078125
        },
        "0.6": {
            "0.01": 20.51171875
        },
        "0.7": {
            "0.01": 25.671875
        },
        "0.8": {
            "0.01": 35.5703125
        },
        "0.9": {
            "0.01": 76.2890625
        }
    },
    "sling_ss_ap_bench": {
        "0.1": {
            "0.01": 59.51953125
        },
        "0.2": {
            "0.01": 61.46875
        },
        "0.3": {
            "0.01": 63.69921875
        },
        "0.4": {
            "0.01": 70.5234375
        },
        "0.5": {
            "0.01": 87.08203125
        },
        "0.6": {
            "0.01": 125.1015625
        },
        "0.7": {
            "0.01": 228.31640625
        },
        "0.8": {
            "0.01": 689.55078125
        },
        "0.9": {
            "0.01": 5862.0703125
        }
    },
    "pcg": {
        "0.1": {
            "0.01": 756.876
        },
        "0.2": {
            "0.01": 756.876
        },
        "0.3": {
            "0.01": 756.876
        },
        "0.4": {
            "0.01": 756.876
        },
        "0.5": {
            "0.01": 756.876
        },
        "0.6": {
            "0.01": 756.884
        },
        "0.7": {
            "0.01": 756.876
        },
        "0.8": {
            "0.01": 756.876
        },
        "0.9": {
            "0.01": 756.88
        }
    }
}