{
    "flp": {
        "0.6": {
            "0.001": 3.632306423333333,
            "0.002": 2.5136454193333333,
            "0.003": 1.689940462,
            "0.004": 1.4219675933333333,
            "0.005": 1.413027412,
            "0.006": 1.0780406593333334,
            "0.007": 0.9714591979999999,
            "0.008": 0.8752365559999999,
            "0.009": 0.8277925746666667,
            "0.010": 0.7771073186666667,
            "0.011": 0.7432123126666667,
            "0.012": 0.6394151513333334,
            "0.013": 0.6608057433333333,
            "0.014": 0.637865384,
            "0.015": 0.5479561386666667,
            "0.016": 0.602704988,
            "0.017": 0.5255972233333334,
            "0.018": 0.49532628333333334,
            "0.019": 0.5191378759999999,
            "0.020": 0.463934836,
            "0.021": 0.4537568486666667,
            "0.022": 0.434682976,
            "0.023": 0.406671704,
            "0.024": 0.41001841933333333,
            "0.025": 0.4058203146666666,
            "0.026": 0.36842461866666665,
            "0.027": 0.35059330800000005,
            "0.028": 0.32976692133333335,
            "0.029": 0.31188319066666664,
            "0.030": 0.2976431193333333,
            "0.031": 0.27386010466666666,
            "0.032": 0.26294514266666663,
            "0.033": 0.20548005266666666,
            "0.034": 0.22094638266666666,
            "0.035": 0.20937960533333333,
            "0.036": 0.23193145666666667,
            "0.037": 0.20636022066666668,
            "0.038": 0.17582101000000003,
            "0.039": 0.16871570533333333,
            "0.040": 0.16470333066666668,
            "0.041": 0.14932737266666665,
            "0.042": 0.14945314,
            "0.043": 0.12583243533333333,
            "0.044": 0.12113030466666667,
            "0.045": 0.11630726200000001,
            "0.046": 0.112400104,
            "0.047": 0.11296816266666666,
            "0.048": 0.10934110733333334,
            "0.049": 0.10517097600000001,
            "0.050": 0.10375201133333334,
            "0.051": 0.101653234,
            "0.052": 0.09981883600000001,
            "0.053": 0.10135367266666667,
            "0.054": 0.09454298666666666,
            "0.055": 0.09446983466666665,
            "0.056": 0.09511000133333335,
            "0.057": 0.092617842,
            "0.058": 0.08993907533333334,
            "0.059": 0.08773864866666665,
            "0.060": 0.088400046,
            "0.061": 0.08697231666666666,
            "0.062": 0.08244954333333333,
            "0.063": 0.07777182466666667,
            "0.064": 0.07814281199999999,
            "0.065": 0.07094229666666667,
            "0.066": 0.06981004866666667,
            "0.067": 0.07160637733333333,
            "0.068": 0.07538928733333333,
            "0.069": 0.08548308333333333,
            "0.070": 0.073562404,
            "0.071": 0.063678524,
            "0.072": 0.06180082,
            "0.073": 0.06087541533333333,
            "0.074": 0.06042403133333333,
            "0.075": 0.063089956,
            "0.076": 0.059243826,
            "0.077": 0.057824883333333334,
            "0.078": 0.061170414,
            "0.079": 0.05504724333333333,
            "0.080": 0.05529096,
            "0.081": 0.053606876,
            "0.082": 0.055303059999999994,
            "0.083": 0.05471607266666667,
            "0.084": 0.04698175333333333,
            "0.085": 0.052206324666666665,
            "0.086": 0.051883073333333335,
            "0.087": 0.051014124,
            "0.088": 0.048438680000000005,
            "0.089": 0.04864917999999999,
            "0.090": 0.045706448000000004,
            "0.091": 0.048796362,
            "0.092": 0.04834370933333334,
            "0.093": 0.048342265333333335,
            "0.094": 0.046668435333333334,
            "0.095": 0.04541181266666666,
            "0.096": 0.040212569999999996,
            "0.097": 0.04328127266666667,
            "0.098": 0.04574318733333333,
            "0.099": 0.044300613999999995,
            "0.100": 0.042493586
        }
    },
    "rlp": {
        "0.6": {
            "0.001": 2.2847519573333335,
            "0.002": 1.310963904,
            "0.003": 0.94688805,
            "0.004": 0.781446942,
            "0.005": 0.8609095600000001,
            "0.006": 0.7485739506666667,
            "0.007": 0.5911998826666667,
            "0.008": 0.5360071106666667,
            "0.009": 0.5129490786666667,
            "0.010": 0.4648601726666666,
            "0.011": 0.435944098,
            "0.012": 0.4318222266666667,
            "0.013": 0.4265308506666667,
            "0.014": 0.37934181133333333,
            "0.015": 0.3650234106666667,
            "0.016": 0.290213392,
            "0.017": 0.32503153133333335,
            "0.018": 0.29205408466666666,
            "0.019": 0.2942667473333333,
            "0.020": 0.28176950133333334,
            "0.021": 0.23123401799999999,
            "0.022": 0.237504872,
            "0.023": 0.24791210266666666,
            "0.024": 0.23456997066666666,
            "0.025": 0.2236339953333333,
            "0.026": 0.20904895199999998,
            "0.027": 0.23031348,
            "0.028": 0.214711706,
            "0.029": 0.17889787199999999,
            "0.030": 0.16702278933333334,
            "0.031": 0.13316868866666667,
            "0.032": 0.128279756,
            "0.033": 0.12287154533333333,
            "0.034": 0.12400297466666667,
            "0.035": 0.111104374,
            "0.036": 0.09546634266666666,
            "0.037": 0.09034801733333332,
            "0.038": 0.08397777066666667,
            "0.039": 0.08666404066666666,
            "0.040": 0.082831346,
            "0.041": 0.08495039933333333,
            "0.042": 0.07124270733333334,
            "0.043": 0.062418105333333335,
            "0.044": 0.07914913266666666,
            "0.045": 0.06307288733333334,
            "0.046": 0.059437886,
            "0.047": 0.06176506733333333,
            "0.048": 0.07448986933333333,
            "0.049": 0.057736091999999996,
            "0.050": 0.06296355933333334,
            "0.051": 0.055754005333333335,
            "0.052": 0.054470998666666666,
            "0.053": 0.05086916266666667,
            "0.054": 0.05213075266666667,
            "0.055": 0.047501815333333336,
            "0.056": 0.06037416,
            "0.057": 0.050759378,
            "0.058": 0.05175957666666667,
            "0.059": 0.04657110666666667,
            "0.060": 0.04573132533333333,
            "0.061": 0.03779722133333333,
            "0.062": 0.043227999999999996,
            "0.063": 0.040797306,
            "0.064": 0.040290738666666666,
            "0.065": 0.03643001133333333,
            "0.066": 0.037496618,
            "0.067": 0.03643932066666667,
            "0.068": 0.048355237333333335,
            "0.069": 0.031479078,
            "0.070": 0.03341060466666667,
            "0.071": 0.036235878666666665,
            "0.072": 0.035440828,
            "0.073": 0.030672832666666667,
            "0.074": 0.028763425333333332,
            "0.075": 0.02944047866666667,
            "0.076": 0.031820536,
            "0.077": 0.02931947,
            "0.078": 0.027608468,
            "0.079": 0.038937077333333334,
            "0.080": 0.029444696000000003,
            "0.081": 0.027444142666666668,
            "0.082": 0.023927227333333332,
            "0.083": 0.027004200000000003,
            "0.084": 0.023183202666666666,
            "0.085": 0.030349972666666666,
            "0.086": 0.025815597333333332,
            "0.087": 0.022896554,
            "0.088": 0.025266295999999997,
            "0.089": 0.028049969999999997,
            "0.090": 0.021006847999999998,
            "0.091": 0.02416691333333333,
            "0.092": 0.021909530666666666,
            "0.093": 0.03200739733333333,
            "0.094": 0.021099734666666665,
            "0.095": 0.021238098,
            "0.096": 0.023062431999999997,
            "0.097": 0.021160823333333332,