{
    "flp": {
        "0.1": {
            "0.01": 0.040017722
        },
        "0.2": {
            "0.01": 0.108352187
        },
        "0.3": {
            "0.01": 0.262091455
        },
        "0.4": {
            "0.01": 0.518953561
        },
        "0.5": {
            "0.01": 0.891708746
        },
        "0.6": {
            "0.01": 1.173007449
        },
        "0.7": {
            "0.01": 2.199255699
        },
        "0.8": {
            "0.01": 4.24808871
        },
        "0.9": {
            "0.01": 17.929312275
        }
    },
    "rlp": {
        "0.1": {
            "0.01": 0.026627334
        },
        "0.2": {
            "0.01": 0.06005812
        },
        "0.3": {
            "0.01": 0.151799047
        },
        "0.4": {
            "0.01": 0.293888331
        },
        "0.5": {
            "0.01": 0.383200102
        },
        "0.6": {
            "0.01": 0.721622575
        },
        "0.7": {
            "0.01": 1.15442242
        },
        "0.8": {
            "0.01": 2.380956936
        },
        "0.9": {
            "0.01": 9.359792206
        }
    }
}