{
    "flp": {
        "0.6": {
            "0.001": 5.448459635,
            "0.002": 3.770468129,
            "0.003": 2.534910693,
            "0.004": 2.13295139,
            "0.005": 2.119541118,
            "0.006": 1.617060989,
            "0.007": 1.457188797,
            "0.008": 1.312854834,
            "0.009": 1.241688862,
            "0.010": 1.165660978,
            "0.011": 1.114818469,
            "0.012": 0.959122727,
            "0.013": 0.991208615,
            "0.014": 0.956798076,
            "0.015": 0.821934208,
            "0.016": 0.904057482,
            "0.017": 0.788395835,
            "0.018": 0.742989425,
            "0.019": 0.778706814,
            "0.020": 0.695902254,
            "0.021": 0.680635273,
            "0.022": 0.652024464,
            "0.023": 0.610007556,
            "0.024": 0.615027629,
            "0.025": 0.608730472,
            "0.026": 0.552636928,
            "0.027": 0.525889962,
            "0.028": 0.494650382,
            "0.029": 0.467824786,
            "0.030": 0.446464679,
            "0.031": 0.410790157,
            "0.032": 0.394417714,
            "0.033": 0.308220079,
            "0.034": 0.331419574,
            "0.035": 0.314069408,
            "0.036": 0.347897185,
            "0.037": 0.309540331,
            "0.038": 0.263731515,
            "0.039": 0.253073558,
            "0.040": 0.247054996,
            "0.041": 0.223991059,
            "0.042": 0.22417971,
            "0.043": 0.188748653,
            "0.044": 0.181695457,
            "0.045": 0.174460893,
            "0.046": 0.168600156,
            "0.047": 0.169452244,
            "0.048": 0.164011661,
            "0.049": 0.157756464,
            "0.050": 0.155628017,
            "0.051": 0.152479851,
            "0.052": 0.149728254,
            "0.053": 0.152030509,
            "0.054": 0.14181448,
            "0.055": 0.141704752,
            "0.056": 0.142665002,
            "0.057": 0.138926763,
            "0.058": 0.134908613,
            "0.059": 0.131607973,
            "0.060": 0.132600069,
            "0.061": 0.130458475,
            "0.062": 0.123674315,
            "0.063": 0.116657737,
            "0.064": 0.117214218,
            "0.065": 0.106413445,
            "0.066": 0.104715073,
            "0.067": 0.107409566,
            "0.068": 0.113083931,
            "0.069": 0.128224625,
            "0.070": 0.110343606,
            "0.071": 0.095517786,
            "0.072": 0.09270123,
            "0.073": 0.091313123,
            "0.074": 0.090636047,
            "0.075": 0.094634934,
            "0.076": 0.088865739,
            "0.077": 0.086737325,
            "0.078": 0.091755621,
            "0.079": 0.082570865,
            "0.080": 0.08293644,
            "0.081": 0.080410314,
            "0.082": 0.08295459,
            "0.083": 0.082074109,
            "0.084": 0.07047263,
            "0.085": 0.078309487,
            "0.086": 0.07782461,
            "0.087": 0.076521186,
            "0.088": 0.07265802,
            "0.089": 0.07297377,
            "0.090": 0.068559672,
            "0.091": 0.073194543,
            "0.092": 0.072515564,
            "0.093": 0.072513398,
            "0.094": 0.070002653,
            "0.095": 0.068117719,
            "0.096": 0.060318855,
            "0.097": 0.064921909,
            "0.098": 0.068614781,
            "0.099": 0.066450921,
            "0.100": 0.063740379
        }
    },
    "rlp": {
        "0.6": {
            "0.001": 3.427127936,
            "0.002": 1.966445856,
            "0.003": 1.420332075,
            "0.004": 1.172170413,
            "0.005": 1.29136434,
            "0.006": 1.122860926,
            "0.007": 0.886799824,
            "0.008": 0.804010666,
            "0.009": 0.769423618,
            "0.010": 0.697290259,
            "0.011": 0.653916147,
            "0.012": 0.64773334,
            "0.013": 0.639796276,
            "0.014": 0.569012717,
            "0.015": 0.547535116,
            "0.016": 0.435320088,
            "0.017": 0.487547297,
            "0.018": 0.438081127,
            "0.019": 0.441400121,
            "0.020": 0.422654252,
            "0.021": 0.346851027,
            "0.022": 0.356257308,
            "0.023": 0.371868154,
            "0.024": 0.351854956,
            "0.025": 0.335450993,
            "0.026": 0.313573428,
            "0.027": 0.34547022,
            "0.028": 0.322067559,
            "0.029": 0.268346808,
            "0.030": 0.250534184,
            "0.031": 0.199753033,
            "0.032": 0.192419634,
            "0.033": 0.184307318,
            "0.034": 0.186004462,
            "0.035": 0.166656561,
            "0.036": 0.143199514,
            "0.037": 0.135522026,
            "0.038": 0.125966656,
            "0.039": 0.129996061,
            "0.040": 0.124247019,
            "0.041": 0.127425599,
            "0.042": 0.106864061,
            "0.043": 0.093627158,
            "0.044": 0.118723699,
            "0.045": 0.094609331,
            "0.046": 0.089156829,
            "0.047": 0.092647601,
            "0.048": 0.111734804,
            "0.049": 0.086604138,
            "0.050": 0.094445339,
            "0.051": 0.083631008,
            "0.052": 0.081706498,
            "0.053": 0.076303744,
            "0.054": 0.078196129,
            "0.055": 0.071252723,
            "0.056": 0.09056124,
            "0.057": 0.076139067,
            "0.058": 0.077639365,
            "0.059": 0.06985666,
            "0.060": 0.068596988,
            "0.061": 0.056695832,
            "0.062": 0.064842,
            "0.063": 0.061195959,
            "0.064": 0.060436108,
            "0.065": 0.054645017,
            "0.066": 0.056244927,
            "0.067": 0.054658981,
            "0.068": 0.072532856,
            "0.069": 0.047218617,
            "0.070": 0.050115907,
            "0.071": 0.054353818,
            "0.072": 0.053161242,
            "0.073": 0.046009249,
            "0.074": 0.043145138,
            "0.075": 0.044160718,
            "0.076": 0.047730804,
            "0.077": 0.043979205,
            "0.078": 0.041412702,
            "0.079": 0.058405616,
            "0.080": 0.044167044,
            "0.081": 0.041166214,
            "0.082": 0.035890841,
            "0.083": 0.0405063,
            "0.084": 0.034774804,
            "0.085": 0.045524959,
            "0.086": 0.038723396,
            "0.087": 0.034344831,
            "0.088": 0.037899444,
            "0.089": 0.042074955,
            "0.090": 0.031510272,
            "0.091": 0.03625037,
            "0.092": 0.032864296,
            "0.093": 0.048011096,
            "0.094": 0.031649602,
            "0.095": 0.031857147,
            "0.096": 0.034593648,
            "0.097": 0.031741235,
            "0.098": 0.033843302,
            "0.099": 0.028152769,
            "0.100": 0.031009688
        }
    },
    "Inc-SR": {
        "0.6": {
            "0.001": 9.45201,
            "0.002": 7.06864,
            "0.003": 7.01281,
            "0.004": 7.08837,
            "0.005": 7.0003,
            "0.006": 6.98796,
            "0.007": 7.02314,
            "0.008": 7.07649,
            "0.009": 6.99326,
            "0.010": 6.88264,
            "0.011": 6.96658,
            "0.012": 7.0069,
            "0.013": 7.00945,
            "0.014": 7.03629,
            "0.015": 6.96552,
            "0.016": 6.94537,
            "0.017": 6.8783,
            "0.018": 6.9232,
            "0.019": 7.07663,
            "0.020": 7.02728,
            "0.021": 6.84446,
            "0.022": 6.96085,
            "0.023": 7.02719,
            "0.024": 6.88958,
            "0.025": 6.97486,
            "0.026": 6.96822,
            "0.027": 6.85926,
            "0.028": 7.02632,
            "0.029": 5.77305,
            "0.030": 5.74608,
            "0.031": 5.77678,
            "0.032": 5.81871,
            "0.033": 5.68713,
            "0.034": 5.79197,
            "0.035": 5.77115,
            "0.036": 5.78514,