{
    "Inc-SR": {
        "0.6": {
            "0.001": 9.45201,
            "0.002": 7.06864,
            "0.003": 7.01281,
            "0.004": 7.08837,
            "0.005": 7.0003,
            "0.006": 6.98796,
            "0.007": 7.02314,
            "0.008": 7.07649,
            "0.009": 6.99326,
            "0.010": 6.88264,
            "0.011": 6.96658,
            "0.012": 7.0069,
            "0.013": 7.00945,
            "0.014": 7.03629,
            "0.015": 6.96552,
            "0.016": 6.94537,
            "0.017": 6.8783,
            "0.018": 6.9232,
            "0.019": 7.07663,
            "0.020": 7.02728,
            "0.021": 6.84446,
            "0.022": 6.96085,
            "0.023": 7.02719,
            "0.024": 6.88958,
            "0.025": 6.97486,
            "0.026": 6.96822,
            "0.027": 6.85926,
            "0.028": 7.02632,
            "0.029": 5.77305,
            "0.030": 5.74608,
            "0.031": 5.77678,
            "0.032": 5.81871,
            "0.033": 5.68713,
            "0.034": 5.79197,
            "0.035": 5.77115,
            "0.036": 5.78514,
            "0.037": 5.77298,
            "0.038": 5.84384,
            "0.039": 5.74274,
            "0.040": 5.85263,
            "0.041": 5.7356,
            "0.042": 5.77214,
            "0.043": 5.76538,
            "0.044": 5.82538,
            "0.045": 5.74814,
            "0.046": 5.74406,
            "0.047": 5.67946,
            "0.048": 5.73524,
            "0.049": 5.78507,
            "0.050": 5.79259,
            "0.051": 5.69837,
            "0.052": 5.81448,
            "0.053": 5.85676,
            "0.054": 5.79731,
            "0.055": 5.76474,
            "0.056": 5.77785,
            "0.057": 5.75379,
            "0.058": 5.83496,
            "0.059": 5.79116,
            "0.060": 5.74565,
            "0.061": 4.58738,
            "0.062": 4.59071,
            "0.063": 4.53572,
            "0.064": 4.49331,
            "0.065": 4.55731,
            "0.066": 4.5586,
            "0.067": 4.47123,
            "0.068": 4.53328,
            "0.069": 4.55723,
            "0.070": 4.57802,
            "0.071": 4.49834,
            "0.072": 4.56282,
            "0.073": 4.51393,
            "0.074": 4.50543,
            "0.075": 4.58888,
            "0.076": 4.56913,
            "0.077": 4.58821,
            "0.078": 4.55367,
            "0.079": 4.54478,
            "0.080": 4.48859,
            "0.081": 4.54671,
            "0.082": 4.54776,
            "0.083": 4.64891,
            "0.084": 4.52695,
            "0.085": 4.58771,
            "0.086": 4.47311,
            "0.087": 4.56866,
            "0.088": 4.47731,
            "0.089": 4.49023,
            "0.090": 4.51008,
            "0.091": 4.57169,
            "0.092": 4.52933,
            "0.093": 4.66751,
            "0.094": 4.54629,
            "0.095": 4.62663,
            "0.096": 4.54768,
            "0.097": 4.55686,
            "0.098": 4.57193,
            "0.099": 4.60549,
            "0.100": 4.58054
        }
    }
}