{
    "Inc-SR": {
        "0.01": {
            "0.1": 1.56623,
            "0.2": 1.53576,
            "0.3": 1.53069,
            "0.4": 4.46443,
            "0.5": 4.43084,
            "0.6": 5.79259,
            "0.7": 6.81762,
            "0.8": 6.83444,
            "0.9": 9.23453
        }
    }
}