{
    "pcg": {
        "0.1": {
            "0.01": 1.56623
        },
        "0.2": {
            "0.01": 1.53576
        },
        "0.3": {
            "0.01": 1.53069
        },
        "0.4": {
            "0.01": 4.46443
        },
        "0.5": {
            "0.01": 4.43084
        },
        "0.6": {
            "0.01": 5.79259
        },
        "0.7": {
            "0.01": 6.81762
        },
        "0.8": {
            "0.01": 6.83444
        },
        "0.9": {
            "0.01": 9.23453
        }
    }
}