{
    "ca-GrQc": 8.32421875,
    "ca-HepTh": 9.046875,
    "p2p-Gnutella06": 7.83203125,
    "wiki-Vote": 9.6640625,
    "email-Enron": 19.5,
    "email-EuAll": 43.0,
    "web-NotreDame": 67.69140625,
    "web-Stanford": 92.07421875,
    "web-BerkStan": 248.24609375,
    "web-Google": 192.234375,
    "cit-Patents": 690.51953125,
    "soc-LiveJournal1": 2586.796875
}