{
    "reads-d": {
        "ca-GrQc": 0.00522976,
        "ca-HepTh": 0.00612305,
        "p2p-Gnutella06": 0.00374263,
        "wiki-Vote": 0.00103439,
        "email-Enron": 0.00722572,
        "email-EuAll": 0.00366369,
        "digg-friends": 0.00673668,
        "web-Stanford": 0.020272,
        "web-BerkStan": 0.0117233,
        "web-Google": 0.00976721,
        "flickr-growth": 0.0828088,
        "cit-Patents": 0,
        "soc-LiveJournal1": 0.00699347,
        "wiki-Link": 0.0430287
    },
    "reads-rq": {
        "ca-GrQc": 0.000235797,
        "ca-HepTh": 0.000275629,
        "p2p-Gnutella06": 0.00020318,
        "wiki-Vote": 7.15575e-05,
        "email-Enron": 0.000356041,
        "email-EuAll": 0.000165915,
        "digg-friends": 0.000430675,
        "web-Stanford": 0.00149114,
        "web-BerkStan": 0.000618879,
        "web-Google": 0.000762481,
        "flickr-growth": 0.00199481,
        "cit-Patents": 0.0045728,
        "soc-LiveJournal1": 0.000455444,
        "wiki-Link": 0.00191903
    },
    "dlp": {
        "ca-GrQc": 0.00130415,
        "ca-HepTh": 0.00241406,
        "p2p-Gnutella06": 0.00237629,
        "wiki-Vote": 0.00163426,
        "email-Enron": 0.0139743,
        "email-EuAll": 0.0493718,
        "digg-friends": 0.102021,
        "web-Stanford": 0.271308,
        "web-BerkStan": 0.268973,
        "web-Google": 1.25391,
        "flickr-growth": 2.47118,
        "cit-Patents": 9.09415,
        "soc-LiveJournal1": 0.56654,
        "wiki-Link": 8.8932
    },
    "Inc-SR": {
        "ca-GrQc": 6.947740219999999,
        "ca-HepTh": 16.20482097,
        "p2p-Gnutella06": 12.886348029999999,
        "wiki-Vote": 10.80440535,
        "email-Enron": 135.05831604000002,
        "email-EuAll": 3452.12973929,
        "web-NotreDame": 0,
        "web-Stanford": 0,
        "web-BerkStan": 0,
        "web-Google": 0,
        "cit-Patents": 0,
        "soc-LiveJournal1": 0
    },
    "pdlp": {
        "ca-GrQc": 8.694333333333333e-05,
        "ca-HepTh": 0.00016093733333333334,
        "p2p-Gnutella06": 0.00015841933333333335,
        "wiki-Vote": 0.00010895066666666667,
        "email-Enron": 0.00093162,
        "email-EuAll": 0.0032914533333333333,
        "digg-friends": 0.0068014,
        "web-Stanford": 0.0180872,
        "web-BerkStan": 0.017931533333333336,
        "web-Google": 0.083594,
        "flickr-growth": 0.16474533333333333,
        "cit-Patents": 0.6062766666666667,
        "soc-LiveJournal1": 0.037769333333333335,
        "wiki-Link": 0.59288
    }
}