{
    "reads-d": {
        "ca-GrQc": 304.2206912841797,
        "ca-HepTh": 543.2802669677734,
        "p2p-Gnutella06": 306.40953942871096,
        "wiki-Vote": 147.46574841308595,
        "email-Enron": 1396.9833963623046,
        "email-EuAll": 4513.4509353637695,
        "web-Stanford": 12407.233438476562,
        "web-BerkStan": 27884.20529522705,
        "web-Google": 30574.911901367188,
        "cit-Patents": 107481.44823718262,
        "soc-LiveJournal1": 206552.91553125
    },
    "reads-rq": {
        "ca-GrQc": 38.818,
        "ca-HepTh": 70.032,
        "p2p-Gnutella06": 42.282,
        "wiki-Vote": 23.266,
        "email-Enron": 191.298,
        "email-EuAll": 682.5,
        "web-Stanford": 1668.118,
        "web-BerkStan": 3822.346,
        "web-Google": 4265.076,
        "cit-Patents": 16068.454,
        "soc-LiveJournal1": 27114.042
    },
    "Inc-SR": {
        "ca-GrQc": 289.241506,
        "ca-HepTh": 1207.69008,
        "p2p-Gnutella06": 1170.339244,
        "wiki-Vote": 92.575218,
        "email-Enron": 18233.915366,
        "email-EuAll": 43678.80935,
        "web-NotreDame": 0,
        "web-Stanford": 0,
        "web-BerkStan": 0,
        "web-Google": 0,
        "cit-Patents": 0,
        "soc-LiveJournal1": 0
    },
    "pdlp": {
        "ca-GrQc": 43.95703125,
        "ca-HepTh": 95.83984375,
        "p2p-Gnutella06": 103.23046875,
        "wiki-Vote": 96.61328125,
        "email-Enron": 3359.453125,
        "email-EuAll": 2078.64453125,
        "web-Stanford": 14797.15625,
        "web-BerkStan": 33641.765625,
        "web-Google": 5496.51953125,
        "cit-Patents": 36080.28515625,
        "soc-LiveJournal1": 295685.03515625
    },
    "dlp": {
        "ca-GrQc": 21.4921875,
        "ca-HepTh": 49.8359375,
        "p2p-Gnutella06": 72.53125,
        "wiki-Vote": 39.5546875,
        "email-Enron": 712.125,
        "email-EuAll": 645.0078125,
        "web-Stanford": 3603.25,
        "web-BerkStan": 7337.48046875,
        "web-Google": 2485.703125,
        "cit-Patents": 23588.453125,
        "soc-LiveJournal1": 152090.83984375
    }
}