{
    "bflpmc": {
        "ca-GrQc": 7.615e-06,
        "ca-HepTh": 8.095000000000001e-06,
        "p2p-Gnutella06": 7.245e-06,
        "wiki-Vote": 2.075e-06,
        "email-Enron": 1.6805e-05,
        "email-EuAll": 1.34e-06,
        "digg-friends": 1.251e-05,
        "web-Stanford": 1.1089999999999999e-05,
        "web-BerkStan": 1.2015000000000001e-05,
        "web-Google": 7.709999999999999e-06,
        "flickr-growth": 3.058e-05,
        "cit-Patents": 9.195e-06,
        "soc-LiveJournal1": 3.5595e-05,
        "wiki-Link": 0.00010808
    },
    "flpmc": {
        "ca-GrQc": 8.16e-06,
        "ca-HepTh": 8.635e-06,
        "p2p-Gnutella06": 8.42e-06,
        "wiki-Vote": 2.0800000000000004e-06,
        "email-Enron": 2.159e-05,
        "email-EuAll": 2.775e-06,
        "digg-friends": 1.753e-05,
        "web-Stanford": 1.321e-05,
        "web-BerkStan": 1.3615000000000001e-05,
        "web-Google": 9.380000000000002e-06,
        "flickr-growth": 7.616500000000001e-05,
        "cit-Patents": 1.021e-05,
        "soc-LiveJournal1": 4.563e-05,
        "wiki-Link": 0.00012302500000000002
    },
    "bprw": {
        "ca-GrQc": 0.00011807,
        "ca-HepTh": 0.00013378,
        "p2p-Gnutella06": 7.874e-05,
        "wiki-Vote": 5.031e-05,
        "email-Enron": 0.00019750499999999997,
        "email-EuAll": 7.55e-06,
        "digg-friends": 0.00011976,
        "web-Stanford": 8.5535e-05,
        "web-BerkStan": 9.138500000000001e-05,
        "web-Google": 5.592000000000001e-05,
        "flickr-growth": 0.000249235,
        "cit-Patents": 2.586e-05,
        "soc-LiveJournal1": 0.000420355,
        "wiki-Link": 0.00018339500000000002
    },
    "sling": {
        "ca-GrQc": 0.0005009900000000001,
        "ca-HepTh": 0.000484445,
        "p2p-Gnutella06": 0.00027666,
        "wiki-Vote": 0.00027541,
        "email-Enron": 0.0012415549999999999,
        "email-EuAll": 0.00011529500000000001,
        "digg-friends": 0.00053042,
        "web-Stanford": 0.00048717,
        "web-BerkStan": 0.000543015,
        "web-Google": 0.00034026499999999997,
        "flickr-growth": 0.00056479,
        "cit-Patents": 6.954e-05,
        "soc-LiveJournal1": 0.00082123,
        "wiki-Link": 0.00076484
    },
    "reads-d": {
        "ca-GrQc": 0.0008232999999999999,
        "ca-HepTh": 0.0016393000000000002,
        "p2p-Gnutella06": 0.0023658,
        "wiki-Vote": 0.00122205,
        "email-Enron": 0.0150916,
        "email-EuAll": 0.0012414000000000001,
        "digg-friends": 0.0732705,
        "web-Stanford": 0.00589475,
        "web-BerkStan": 0.006024049999999999,
        "web-Google": 0.00524625,
        "flickr-growth": 0.2006965,
        "cit-Patents": 0.023107550000000004,
        "soc-LiveJournal1": 0.2282335,
        "wiki-Link": 0
    },
    "reads-rq": {
        "ca-GrQc": 0.010448199999999998,
        "ca-HepTh": 0.011101450000000002,
        "p2p-Gnutella06": 0.00925955,
        "wiki-Vote": 0.0005869,
        "email-Enron": 0.0160978,
        "email-EuAll": 0.00145315,
        "digg-friends": 0.0503225,
        "web-Stanford": 0.0120441,
        "web-BerkStan": 0.015391300000000002,
        "web-Google": 0.0077461000000000006,
        "flickr-growth": 0.1142325,
        "cit-Patents": 0.01776185,
        "soc-LiveJournal1": 0.065402,
        "wiki-Link": 0.1011
    },
    "isp": {
        "ca-GrQc": 0.0026046,
        "ca-HepTh": 0.0036367,
        "p2p-Gnutella06": 0.00336865,
        "wiki-Vote": 0.0027582,
        "email-Enron": 0.051793,
        "email-EuAll": 0.00265725,
        "digg-friends": 0.03769085,
        "web-Stanford": 0.03561260000000001,
        "web-BerkStan": 0.0305321,
        "web-Google": 0.0027311000000000006,
        "flickr-growth": 0.460212,
        "cit-Patents": 0.00018784999999999999,
        "soc-LiveJournal1": 0.02927,
        "wiki-Link": 0.14637350000000002
    },
    "tsf": {
        "ca-GrQc": 0.04695165,
        "ca-HepTh": 0.047567200000000004,
        "p2p-Gnutella06": 0.046057799999999996,
        "wiki-Vote": 0.004361050000000001,
        "email-Enron": 0.03171575,
        "email-EuAll": 0.0027930999999999997,
        "digg-friends": 0.03782115,
        "web-Stanford": 0.0499248,
        "web-BerkStan": 0.03895894999999999,
        "web-Google": 0.03060155,
        "flickr-growth": 0.02635775,
        "cit-Patents": 0.01114665,
        "soc-LiveJournal1": 0.028308550000000002,
        "wiki-Link": 0.027802800000000003
    },
    "lind": {
        "ca-GrQc": 0.0012058499999999998,
        "ca-HepTh": 0.0022734,
        "p2p-Gnutella06": 0.0017028999999999998,
        "wiki-Vote": 0.0025922000000000002,
        "email-Enron": 0.013038950000000002,
        "email-EuAll": 0.24662299999999998,
        "digg-friends": 0.23316599999999998,
        "web-Stanford": 0.2795015,
        "web-BerkStan": 0.772805,
        "web-Google": 1.62774,
        "flickr-growth": 10.54335,
        "cit-Patents": 3.37184,
        "soc-LiveJournal1": 58.471,
        "wiki-Link": 124.644
    },
    "cw": {
        "ca-GrQc": 0.207048,
        "ca-HepTh": 0.20124350000000002,
        "p2p-Gnutella06": 0.2090225,
        "wiki-Vote": 0.01841775,
        "email-Enron": 0.212362,
        "email-EuAll": 0.257305,
        "digg-friends": 0.23095249999999998,
        "web-Stanford": 0.302145,
        "web-BerkStan": 0.6839850000000001,
        "web-Google": 0.910875,
        "flickr-growth": 1.390795,
        "cit-Patents": 3.97875,
        "soc-LiveJournal1": 5.7456000000000005,
        "wiki-Link": 12.509549999999999
    },
    "ProbeSim": {
        "ca-GrQc": 0.1081165,
        "ca-HepTh": 0.118,
        "p2p-Gnutella06": 0.0290395,
        "wiki-Vote": 0.06525650000000001,
        "email-Enron": 1.173585,
        "email-EuAll": 0.10617499999999999,
        "digg-friends": 4.128100000000001,
        "web-Stanford": 0.15658850000000002,
        "web-BerkStan": 0.2153495,
        "web-Google": 0.0804815,
        "flickr-growth": 7.5347,
        "cit-Patents": 0.0372725,
        "soc-LiveJournal1": 2.01099,
        "wiki-Link": 3.21376
    }
}