{
    "bprw": {
        "0.021": 0.0111259, 
        "0.020": 0.0100029, 
        "0.023": 0.00946105, 
        "0.022": 0.0138821, 
        "0.025": 0.0136052, 
        "0.024": 0.0105302, 
        "0.009": 0.00549871, 
        "0.008": 0.00425254, 
        "0.007": 0.00293121, 
        "0.006": 0.00304053, 
        "0.005": 0.00272119, 
        "0.004": 0.00142915, 
        "0.003": 0.00155611, 
        "0.002": 0.00118093, 
        "0.001": null, 
        "0.027": 0.0142054, 
        "0.026": 0.0200521, 
        "0.029": 0.0197472, 
        "0.028": 0.0128753, 
        "0.018": 0.00723997, 
        "0.019": 0.012894, 
        "0.030": 0.0159497, 
        "0.010": 0.00561763, 
        "0.011": 0.00572531, 
        "0.012": 0.00611805, 
        "0.013": 0.00669985, 
        "0.014": 0.0105709, 
        "0.015": 0.0116741, 
        "0.016": 0.00661366, 
        "0.017": 0.00920782
    }, 
    "sling": {
        "0.021": 0.000987682, 
        "0.020": 0.000987281, 
        "0.023": 0.00100278, 
        "0.022": 0.000987885, 
        "0.025": 0.00133874, 
        "0.024": 0.0010038, 
        "0.009": 0.000510115, 
        "0.008": 0.000467445, 
        "0.007": 0.000460928, 
        "0.006": 0.000460337, 
        "0.005": 0.000459263, 
        "0.004": 0.000226173, 
        "0.003": 0.000194379, 
        "0.002": 0.000145119, 
        "0.001": null, 
        "0.027": 0.00133913, 
        "0.026": 0.0013409, 
        "0.029": 0.0015198, 
        "0.028": 0.00152661, 
        "0.018": 0.000948482, 
        "0.019": 0.000986301, 
        "0.030": 0.00156725, 
        "0.010": 0.000522956, 
        "0.011": 0.000539678, 
        "0.012": 0.000639344, 
        "0.013": 0.000689467, 
        "0.014": 0.000692841, 
        "0.015": 0.000730246, 
        "0.016": 0.000933873, 
        "0.017": 0.000946862
    }, 
    "reads-rq": {
        "0.021": 0.00960189, 
        "0.020": 0.00842683, 
        "0.023": 0.0118372, 
        "0.022": 0.0125648, 
        "0.025": 0.0139456, 
        "0.024": 0.00828375, 
        "0.009": 0.00991999, 
        "0.008": 0.0126404, 
        "0.007": null, 
        "0.006": null, 
        "0.005": null, 
        "0.004": null, 
        "0.003": null, 
        "0.002": null, 
        "0.001": null, 
        "0.027": 0.0110891, 
        "0.026": 0.0167036, 
        "0.029": 0.0172849, 
        "0.028": 0.0176141, 
        "0.018": 0.0126402, 
        "0.019": 0.0127063, 
        "0.030": 0.0154573, 
        "0.010": 0.0124947, 
        "0.011": 0.00897411, 
        "0.012": 0.0101348, 
        "0.013": 0.00919952, 
        "0.014": 0.0135491, 
        "0.015": 0.0112694, 
        "0.016": 0.0101143, 
        "0.017": 0.0116773
    }, 
    "tsf": {
        "0.021": 0.0417391, 
        "0.020": 0.0482775, 
        "0.023": 0.0343045, 
        "0.022": 0.0447215, 
        "0.025": 0.0566799, 
        "0.024": 0.0239344, 
        "0.009": 0.0467239, 
        "0.008": 0.0267726, 
        "0.007": 0.0394965, 
        "0.006": 0.0207038, 
        "0.005": 0.0451314, 
        "0.004": 0.0211204, 
        "0.003": 0.0137413, 
        "0.002": 0.0421455, 
        "0.001": null, 
        "0.027": 0.0297331, 
        "0.026": 0.0302717, 
        "0.029": 0.0611636, 
        "0.028": 0.031472, 
        "0.018": 0.0284545, 
        "0.019": 0.0474239, 
        "0.030": 0.0298013, 
        "0.010": 0.052326, 
        "0.011": 0.0442907, 
        "0.012": 0.044617, 
        "0.013": 0.0375137, 
        "0.014": 0.0778018, 
        "0.015": 0.0437156, 
        "0.016": 0.0224317, 
        "0.017": 0.0217177
    }, 
    "isp": {
        "0.021": 0.0381464, 
        "0.020": 0.0381464, 
        "0.023": 0.0381464, 
        "0.022": 0.0381464, 
        "0.025": 0.0381464, 
        "0.024": 0.0381464, 
        "0.009": 0.0381464, 
        "0.008": 0.0381464, 
        "0.007": 0.0381464, 
        "0.006": 0.0381464, 
        "0.005": 0.0381464, 
        "0.004": 0.0381464, 
        "0.003": 0.0381464, 
        "0.002": 0.0381464, 
        "0.001": null, 
        "0.027": 0.0381464, 
        "0.026": 0.0381464, 
        "0.029": 0.0381464, 
        "0.028": 0.0381464, 
        "0.018": 0.0381464, 
        "0.019": 0.0381464, 
        "0.030": 0.0381464, 
        "0.010": 0.0381464, 
        "0.011": 0.0381464, 
        "0.012": 0.0381464, 
        "0.013": 0.0381464, 
        "0.014": 0.0381464, 
        "0.015": 0.0381464, 
        "0.016": 0.0381464, 
        "0.017": 0.0381464
    }, 
    "bflpmc": {
        "0.021": 0.0110436, 
        "0.020": 0.0105101, 
        "0.023": 0.00904899, 
        "0.022": 0.0128979, 
        "0.025": 0.0107779, 
        "0.024": 0.00860873, 
        "0.009": 0.0052498, 
        "0.008": 0.00409624, 
        "0.007": 0.00365211, 
        "0.006": 0.00249847, 
        "0.005": 0.00264258, 
        "0.004": 0.00198562, 
        "0.003": 0.00140522, 
        "0.002": 0.00109268, 
        "0.001": null, 
        "0.027": 0.0101966, 
        "0.026": 0.0103817, 
        "0.029": 0.0109735, 
        "0.028": 0.0142497, 
        "0.018": 0.0091063, 
        "0.019": 0.00931137, 
        "0.030": 0.0114234, 
        "0.010": 0.00412196, 
        "0.011": 0.00441264, 
        "0.012": 0.0064237, 
        "0.013": 0.00814904, 
        "0.014": 0.00724413, 
        "0.015": 0.00937738, 
        "0.016": 0.00659819, 
        "0.017": 0.00796477
    }, 
    "reads-d": {
        "0.021": 0.00722292, 
        "0.020": 0.0128349, 
        "0.023": 0.0108564, 
        "0.022": 0.0109935, 
        "0.025": 0.0109613, 
        "0.024": 0.0135012, 
        "0.009": 0.00678124, 
        "0.008": 0.00874226, 
        "0.007": 0.00620663, 
        "0.006": 0.0107279, 
        "0.005": 0.0106266, 
        "0.004": 0.00896333, 
        "0.003": 0.00707618, 
        "0.002": 0.0067232, 
        "0.001": null, 
        "0.027": 0.0130284, 
        "0.026": 0.00836574, 
        "0.029": 0.0100194, 
        "0.028": 0.0147352, 
        "0.018": 0.0120139, 
        "0.019": 0.0106939, 
        "0.030": 0.0120668, 
        "0.010": 0.00932375, 
        "0.011": 0.00725356, 
        "0.012": 0.0114439, 
        "0.013": 0.00921836, 
        "0.014": 0.0105214, 
        "0.015": 0.0107618, 
        "0.016": 0.00755655, 
        "0.017": 0.00896035
    }, 
    "flpmc": {
        "0.021": 0.00922523, 
        "0.020": 0.0104836, 
        "0.023": 0.0110238, 
        "0.022": 0.0093525, 
        "0.025": 0.00901641, 
        "0.024": 0.0104793, 
        "0.009": 0.00419102, 
        "0.008": 0.00490861, 
        "0.007": 0.00385462, 
        "0.006": 0.00406711, 
        "0.005": 0.00296942, 
        "0.004": 0.00242605, 
        "0.003": 0.001656, 
        "0.002": 0.00115695, 
        "0.001": null, 
        "0.027": 0.0103681, 
        "0.026": 0.00956879, 
        "0.029": 0.014468, 
        "0.028": 0.0170139, 
        "0.018": 0.0081868, 
        "0.019": 0.00693163, 
        "0.030": 0.0176307, 
        "0.010": 0.00549664, 
        "0.011": 0.00642658, 
        "0.012": 0.0059256, 
        "0.013": 0.00685193, 
        "0.014": 0.00666996, 
        "0.015": 0.0068223, 
        "0.016": 0.00841223, 
        "0.017": 0.0103912
    }
}