{
    "reads-d": {
        "0.021": 167.8, 
        "0.020": 176.75, 
        "0.023": 148.9, 
        "0.022": 156.35, 
        "0.025": 127.6, 
        "0.024": 139.2, 
        "0.009": 1084.8, 
        "0.008": 1463.7, 
        "0.007": 2023.8, 
        "0.006": 2888.05, 
        "0.005": 4347.799999999999, 
        "0.004": 7000.599999999999, 
        "0.003": 12846.7, 
        "0.002": 30025.8, 
        "0.001": 127516.0, 
        "0.027": 118.75, 
        "0.026": 123.10000000000001, 
        "0.029": 106.55, 
        "0.028": 112.35, 
        "0.018": 212.75, 
        "0.019": 195.5, 
        "0.030": 99.9, 
        "0.010": 825.75, 
        "0.011": 639.7, 
        "0.012": 506.1, 
        "0.013": 416.9, 
        "0.014": 342.8, 
        "0.015": 296.3, 
        "0.016": 258.5, 
        "0.017": 232.85
    }, 
    "reads-rq": {
        "0.100": null, 
        "0.600": null, 
        "0.300": null, 
        "0.700": null, 
        "0.021": 1313.65, 
        "0.020": 1230.2, 
        "0.023": 1036.9, 
        "0.022": 1045.6999999999998, 
        "0.025": 744.9, 
        "0.024": 993.75, 
        "0.009": 21334.699999999997, 
        "0.008": 90184.0, 
        "0.007": 20.75, 
        "0.006": 20.45, 
        "0.005": 20.6, 
        "0.004": 20.9, 
        "0.003": 20.2, 
        "0.002": 20.65, 
        "0.001": 20.2, 
        "0.027": 747.8, 
        "0.026": 674.25, 
        "0.200": null, 
        "0.029": 508.05, 
        "0.028": 779.9, 
        "0.500": null, 
        "0.400": null, 
        "0.018": 1855.9, 
        "0.019": 1456.6499999999999, 
        "0.030": 520.3499999999999, 
        "0.010": 10830.0, 
        "0.011": 7349.55, 
        "0.012": 5508.5, 
        "0.013": 4400.950000000001, 
        "0.014": 3018.8999999999996, 
        "0.015": 2936.3, 
        "0.016": 2338.1, 
        "0.017": 1821.05
    }
}