{
    "reads-d": {
        "0.500": 1.60816, 
        "0.100": 0.007187, 
        "0.600": 5.29161, 
        "0.200": 0.012241, 
        "0.700": 14.776, 
        "0.300": 0.095518, 
        "0.800": 35.8624, 
        "0.400": 0.529364
    }, 
    "reads-rq": {
        "0.500": 0.33245, 
        "0.100": 0.298385, 
        "0.600": 0.375049, 
        "0.200": 0.276178, 
        "0.700": 0.413221, 
        "0.300": 0.287784, 
        "0.800": 0.618176, 
        "0.400": 0.310752
    }
}