{
    "reads-d": {
        "0.021": 1.22302, 
        "0.020": 1.35488, 
        "0.023": 1.02201, 
        "0.022": 1.1244, 
        "0.025": 0.877458, 
        "0.024": 0.957623, 
        "0.009": 6.62521, 
        "0.008": 8.35354, 
        "0.007": 10.8074, 
        "0.006": 15.7087, 
        "0.005": 21.2307, 
        "0.004": 34.1489, 
        "0.003": 59.4488, 
        "0.002": 131.789, 
        "0.001": 526.196, 
        "0.027": 0.745291, 
        "0.026": 0.812166, 
        "0.029": 0.804632, 
        "0.028": 0.85584, 
        "0.018": 1.67377, 
        "0.019": 1.56646, 
        "0.030": 0.59609, 
        "0.010": 5.3118, 
        "0.011": 4.39558, 
        "0.012": 3.78022, 
        "0.013": 3.2216, 
        "0.014": 2.72694, 
        "0.015": 2.42525, 
        "0.016": 2.1042, 
        "0.017": 1.92964
    }, 
    "reads-rq": {
        "0.021": 0.372396, 
        "0.020": 0.372587, 
        "0.023": 0.367216, 
        "0.022": 0.37112, 
        "0.025": 0.368933, 
        "0.024": 0.365039, 
        "0.009": 0.495719, 
        "0.008": 0.478917, 
        "0.007": 0.503428, 
        "0.006": 0.477693, 
        "0.005": 0.481155, 
        "0.004": 0.456148, 
        "0.003": 0.472089, 
        "0.002": 0.471999, 
        "0.001": 0.481066, 
        "0.027": 0.346081, 
        "0.026": 0.348911, 
        "0.029": 0.348558, 
        "0.028": 0.346982, 
        "0.018": 0.373417, 
        "0.019": 0.375212, 
        "0.030": 0.362121, 
        "0.010": 0.371554, 
        "0.011": 0.369476, 
        "0.012": 0.381253, 
        "0.013": 0.370651, 
        "0.014": 0.376285, 
        "0.015": 0.37344, 
        "0.016": 0.390568, 
        "0.017": 0.37538
    }
}