{
    "reads-d": {
        "0.01": 5.3241, 
        "1e-06": 14.4678, 
        "1e-07": 16.9439, 
        "1e-05": 12.1942, 
        "0.1": 3.17733, 
        "1e-08": 19.1961, 
        "1e-09": 21.3671, 
        "0.0001": 9.92123, 
        "0.001": 7.62198
    }, 
    "reads-rq": {
        "0.01": 0.373841, 
        "1e-06": 0.478764, 
        "1e-07": 0.498979, 
        "1e-05": 0.476018, 
        "0.1": 0.374046, 
        "1e-08": 0.4727, 
        "1e-09": 0.475468, 
        "0.0001": 0.476625, 
        "0.001": 0.372871
    }
}