{
    "reads-d": {
        "0.01": 830.1, 
        "1e-06": 2831.2, 
        "1e-07": 3335.65, 
        "1e-05": 2324.15, 
        "0.1": 387.84999999999997, 
        "1e-08": 3848.3999999999996, 
        "1e-09": 4382.4, 
        "0.0001": 1822.8, 
        "0.001": 1319.65
    }, 
    "reads-rq": {
        "0.01": 10936.300000000001, 
        "1e-06": null, 
        "1e-07": null, 
        "1e-05": null, 
        "0.1": 3023.65, 
        "1e-08": null, 
        "1e-09": null, 
        "0.0001": null, 
        "0.001": null
    }
}