{
    "reads-d": {
        "0.500": 203.29999999999998, 
        "0.100": 20.25, 
        "0.600": 826.9, 
        "0.200": 20.4, 
        "0.700": 2938.2, 
        "0.300": 30.950000000000003, 
        "0.800": 8442.5, 
        "0.400": 72.0
    }, 
    "reads-rq": {
        "0.500": 2096.6, 
        "0.100": 265.79999999999995, 
        "0.600": 9828.5, 
        "0.200": 241.85, 
        "0.700":null ,
        "0.300": 231.70000000000002, 
        "0.800": null, 
        "0.400": 563.05
    }
}