{
    "tsf": {
        "0.500": 0.004423, 
        "0.100": 0.004254, 
        "0.600": 0.004387, 
        "0.200": 0.004172, 
        "0.700": 0.004131, 
        "0.300": 0.004155, 
        "0.800": 0.005562, 
        "0.400": 0.004349
    }, 
    "full local push": {
        "0.500": 0.027297, 
        "0.100": 0.0264797, 
        "0.600": 0.0283874, 
        "0.200": 0.0263193, 
        "0.700": 0.0320009, 
        "0.300": 0.0264928, 
        "0.800": 0.0598243, 
        "0.400": 0.0264506
    }, 
    "sling": {
        "0.500": 8.290589999999998, 
        "0.100": 0.252374, 
        "0.600": 28.409309999999998, 
        "0.200": 0.373773, 
        "0.700": 119.06599, 
        "0.300": 1.043344, 
        "0.800": 638.1718, 
        "0.400": 2.6890669999999997
    }
}