{
    "tsf": {
        "0.100": 0.004118, 
        "0.054": 0.00415, 
        "0.055": 0.004101, 
        "0.056": 0.004124, 
        "0.057": 0.004113, 
        "0.050": 0.004309, 
        "0.051": 0.004177, 
        "0.052": 0.004131, 
        "0.053": 0.004107, 
        "0.058": 0.004106, 
        "0.059": 0.00418, 
        "0.021": 0.004136, 
        "0.020": 0.004153, 
        "0.023": 0.004206, 
        "0.022": 0.004169, 
        "0.025": 0.004155, 
        "0.024": 0.004175, 
        "0.027": 0.004129, 
        "0.026": 0.004122, 
        "0.029": 0.004104, 
        "0.028": 0.004176, 
        "0.087": 0.005401, 
        "0.086": 0.004115, 
        "0.085": 0.004194, 
        "0.084": 0.005681, 
        "0.083": 0.004256, 
        "0.082": 0.005664, 
        "0.081": 0.005644, 
        "0.080": 0.005619, 
        "0.089": 0.004266, 
        "0.088": 0.005861, 
        "0.032": 0.004129, 
        "0.033": 0.004121, 
        "0.030": 0.004141, 
        "0.031": 0.004152, 
        "0.036": 0.004134, 
        "0.037": 0.004121, 
        "0.034": 0.004127, 
        "0.035": 0.004115, 
        "0.038": 0.004096, 
        "0.039": 0.00413, 
        "0.090": 0.004165, 
        "0.091": 0.004161, 
        "0.092": 0.004117, 
        "0.093": 0.004291, 
        "0.094": 0.004556, 
        "0.095": 0.004178, 
        "0.096": 0.005705, 
        "0.097": 0.005768, 
        "0.098": 0.005666, 
        "0.099": 0.004157, 
        "0.009": 0.004299, 
        "0.008": 0.00436, 
        "0.007": 0.004303, 
        "0.006": 0.006624, 
        "0.005": 0.004346, 
        "0.004": 0.004422, 
        "0.003": 0.004396, 
        "0.002": 0.007929, 
        "0.001": 0.008016, 
        "0.069": 0.004109, 
        "0.068": 0.004118, 
        "0.065": 0.004124, 
        "0.064": 0.004142, 
        "0.067": 0.00428, 
        "0.066": 0.004131, 
        "0.061": 0.004149, 
        "0.060": 0.004171, 
        "0.063": 0.004131, 
        "0.062": 0.004116, 
        "0.018": 0.004129, 
        "0.019": 0.00416, 
        "0.010": 0.004329, 
        "0.011": 0.00428, 
        "0.012": 0.004363, 
        "0.013": 0.004301, 
        "0.014": 0.004124, 
        "0.015": 0.00413, 
        "0.016": 0.00419, 
        "0.017": 0.004215, 
        "0.078": 0.004143, 
        "0.079": 0.005643, 
        "0.076": 0.004127, 
        "0.077": 0.004146, 
        "0.074": 0.00417, 
        "0.075": 0.004162, 
        "0.072": 0.004173, 
        "0.073": 0.004156, 
        "0.070": 0.004098, 
        "0.071": 0.004107, 
        "0.049": 0.004137, 
        "0.048": 0.004111, 
        "0.043": 0.00415, 
        "0.042": 0.004155, 
        "0.041": 0.00412, 
        "0.040": 0.006149, 
        "0.047": 0.004132, 
        "0.046": 0.004103, 
        "0.045": 0.004155, 
        "0.044": 0.004173
    }, 
    "full local push": {
        "0.100": 0.0448872, 
        "0.054": 0.0388335, 
        "0.055": 0.0490877, 
        "0.056": 0.0490214, 
        "0.057": 0.049527, 
        "0.050": 0.0523935, 
        "0.051": 0.0388067, 
        "0.052": 0.052041, 
        "0.053": 0.0526093, 
        "0.058": 0.0421438, 
        "0.059": 0.0380928, 
        "0.021": 0.0464435, 
        "0.020": 0.048589, 
        "0.023": 0.0612048, 
        "0.022": 0.0461489, 
        "0.025": 0.049211, 
        "0.024": 0.0453098, 
        "0.027": 0.0437686, 
        "0.026": 0.0540327, 
        "0.029": 0.0435149, 
        "0.028": 0.0435977, 
        "0.087": 0.0488431, 
        "0.086": 0.0483442, 
        "0.085": 0.0459201, 
        "0.084": 0.0373626, 
        "0.083": 0.0379483, 
        "0.082": 0.0373806, 
        "0.081": 0.0377596, 
        "0.080": 0.0377379, 
        "0.089": 0.0476379, 
        "0.088": 0.0396049, 
        "0.032": 0.0408226, 
        "0.033": 0.0409242, 
        "0.030": 0.0433547, 
        "0.031": 0.043057, 
        "0.036": 0.052723, 
        "0.037": 0.0407278, 
        "0.034": 0.0407795, 
        "0.035": 0.0529873, 
        "0.038": 0.0402324, 
        "0.039": 0.0417231, 
        "0.090": 0.0369138, 
        "0.091": 0.0466492, 
        "0.092": 0.037401, 
        "0.093": 0.0495094, 
        "0.094": 0.046653, 
        "0.095": 0.0404857, 
        "0.096": 0.0374621, 
        "0.097": 0.0495062, 
        "0.098": 0.0372851, 
        "0.099": 0.0465677, 
        "0.009": 0.0774656, 
        "0.008": 0.0830893, 
        "0.007": 0.107643, 
        "0.006": 0.110669, 
        "0.005": 0.124693, 
        "0.004": 0.127994, 
        "0.003": 0.19721, 
        "0.002": 0.273105, 
        "0.001": 0.728892, 
        "0.069": 0.03778, 
        "0.068": 0.0471656, 
        "0.065": 0.0374509, 
        "0.064": 0.0399475, 
        "0.067": 0.0489364, 
        "0.066": 0.0451146, 
        "0.061": 0.0374488, 
        "0.060": 0.0458126, 
        "0.063": 0.047135, 
        "0.062": 0.0383052, 
        "0.018": 0.059521, 
        "0.019": 0.0494826, 
        "0.010": 0.070111, 
        "0.011": 0.0671419, 
        "0.012": 0.0738089, 
        "0.013": 0.0588502, 
        "0.014": 0.0430161, 
        "0.015": 0.0599093, 
        "0.016": 0.0673425, 
        "0.017": 0.0661673, 
        "0.078": 0.0381789, 
        "0.079": 0.0380514, 
        "0.076": 0.0374794, 
        "0.077": 0.0517215, 
        "0.074": 0.0375077, 
        "0.075": 0.0490128, 
        "0.072": 0.0475439, 
        "0.073": 0.0438396, 
        "0.070": 0.0414271, 
        "0.071": 0.0374188, 
        "0.049": 0.0426979, 
        "0.048": 0.0409667, 
        "0.043": 0.0494164, 
        "0.042": 0.0497973, 
        "0.041": 0.0430144, 
        "0.040": 0.0400438, 
        "0.047": 0.0534259, 
        "0.046": 0.0513803, 
        "0.045": 0.039445, 
        "0.044": 0.0394804
    }, 
    "sling": {
        "0.100": 1.1707, 
        "0.054": 2.3470429999999998, 
        "0.055": 2.273504, 
        "0.056": 2.175148, 
        "0.057": 2.239685, 
        "0.050": 2.483114, 
        "0.051": 2.434049, 
        "0.052": 2.470995, 
        "0.053": 2.312164, 
        "0.058": 2.1081440000000002, 
        "0.059": 2.058952, 
        "0.021": 8.62341, 
        "0.020": 9.218300000000001, 
        "0.023": 7.292088, 
        "0.022": 8.06375, 
        "0.025": 6.4329019999999995, 
        "0.024": 7.0096680000000005, 
        "0.027": 5.797804000000001, 
        "0.026": 5.839698, 
        "0.029": 5.217734, 
        "0.028": 5.783626, 
        "0.087": 1.422629, 
        "0.086": 1.416048, 
        "0.085": 1.352799, 
        "0.084": 1.4056259999999998, 
        "0.083": 1.46773, 
        "0.082": 1.4873310000000002, 
        "0.081": 1.4863060000000001, 
        "0.080": 1.5021080000000002, 
        "0.089": 1.3441329999999998, 
        "0.088": 1.316456, 
        "0.032": 4.663716, 
        "0.033": 4.322623999999999, 
        "0.030": 4.907576, 
        "0.031": 5.67129, 
        "0.036": 3.819008, 
        "0.037": 3.578914, 
        "0.034": 4.275986, 
        "0.035": 3.852468, 
        "0.038": 3.58772, 
        "0.039": 3.393758, 
        "0.090": 1.340907, 
        "0.091": 1.2979599999999998, 
        "0.092": 1.258216, 
        "0.093": 1.2457799999999999, 
        "0.094": 1.255623, 
        "0.095": 1.214691, 
        "0.096": 1.179676, 
        "0.097": 1.195927, 
        "0.098": 1.17653, 
        "0.099": 1.124255, 
        "0.009": 31.395640000000004, 
        "0.008": 43.58448, 
        "0.007": 58.70336999999999, 
        "0.006": 76.19425000000001, 
        "0.005": 106.24342999999999, 
        "0.004": 169.16554000000002, 
        "0.003": 288.78467, 
        "0.002": 605.14069, 
        "0.001": 2346.2426, 
        "0.069": 1.66686, 
        "0.068": 1.665578, 
        "0.065": 1.895561, 
        "0.064": 1.822397, 
        "0.067": 1.880747, 
        "0.066": 1.86129, 
        "0.061": 1.994072, 
        "0.060": 2.28781, 
        "0.063": 1.880993, 
        "0.062": 1.9149950000000002, 
        "0.018": 11.198550000000001, 
        "0.019": 10.253499999999999, 
        "0.010": 29.15581,