{
    "bprw": {
        "0.500": 55.7, 
        "0.100": 4.475, 
        "0.600": 115.345, 
        "0.200": 5.945, 
        "0.700": 241.44, 
        "0.300": 11.6, 
        "0.800": 553.415, 
        "0.400": 25.84
    }, 
    "sling": {
        "0.500": 300.67, 
        "0.100": 99999999, 
        "0.600": 495.955, 
        "0.200": 80.105, 
        "0.700": 1391.825, 
        "0.300": 214.57, 
        "0.800": 11837.15, 
        "0.400": 253.795
    }, 
    "tsf": {
        "0.500": 48265.0, 
        "0.100": 1545.0, 
        "0.600": 48635.0, 
        "0.200": 1795.0, 
        "0.700": 28590.0, 
        "0.300": 5680.0, 
        "0.800": 12550.0, 
        "0.400": 14105.0
    }, 
    "isp": {
        "0.500": 2013.75, 
        "0.100": 170.15, 
        "0.600": 2565.2, 
        "0.200": 172.10000000000002, 
        "0.700": 2944.9, 
        "0.300": 797.6999999999999, 
        "0.800": 3607.25, 
        "0.400": 1730.3
    }, 
    "bflpmc": {
        "0.500": 4.79, 
        "0.100": 1.495, 
        "0.600": 8.435, 
        "0.200": 2.225, 
        "0.700": 20.235, 
        "0.300": 2.875, 
        "0.800": 66.855, 
        "0.400": 3.595
    }, 
    "flpmc": {
        "0.500": 4.54, 
        "0.100": 0.585, 
        "0.600": 9.45, 
        "0.200": 0.85, 
        "0.700": 23.72, 
        "0.300": 1.45, 
        "0.800": 78.625, 
        "0.400": 2.54
    }
}