{
    "full local push": {
        "0.090": 0.0320012, 
        "0.100": 0.0314464, 
        "0.140": 0.0283707, 
        "0.120": 0.0287875, 
        "0.040": 0.0607314, 
        "0.290": 0.0269071, 
        "0.240": 0.0269049, 
        "0.250": 0.0268803, 
        "0.020": 0.175278, 
        "0.300": 0.0269412, 
        "0.170": 0.0273355, 
        "0.230": 0.0270666, 
        "0.190": 0.0273684, 
        "0.260": 0.0269303, 
        "0.130": 0.0287626, 
        "0.110": 0.0296637, 
        "0.080": 0.0335, 
        "0.150": 0.0283904, 
        "0.220": 0.0268391, 
        "0.060": 0.0402784, 
        "0.200": 0.0273167, 
        "0.270": 0.0268433, 
        "0.070": 0.0364868, 
        "0.210": 0.0403554, 
        "0.160": 0.0273043, 
        "0.030": 0.139123, 
        "0.050": 0.0487375, 
        "0.010": 0.902295, 
        "0.180": 0.0273254, 
        "0.280": 0.026844
    }
}