{
    "tsf": {
        "1e-09": 0.00643, 
        "1e-06": 0.004238, 
        "1e-07": 0.006632, 
        "1e-05": 0.004341, 
        "0.1": 0.008941, 
        "1e-08": 0.007227, 
        "0.01": 0.004308, 
        "0.0001": 0.004449, 
        "0.001": 0.00892
    }, 
    "full local push": {
        "1e-09": 0.04738, 
        "1e-06": 0.0455611, 
        "1e-07": 0.0477129, 
        "1e-05": 0.047309, 
        "0.1": 0.0523466, 
        "1e-08": 0.0450754, 
        "0.01": 0.0284012, 
        "0.0001": 0.0485932, 
        "0.001": 0.027463
    }, 
    "sling": {
        "1e-09": 62.44529000000001, 
        "1e-06": 45.193130000000004, 
        "1e-07": 46.75628, 
        "1e-05": 39.99923, 
        "0.1": 24.01724, 
        "1e-08": 55.560300000000005, 
        "0.01": 29.78247, 
        "0.0001": 39.36107, 
        "0.001": 31.0165
    }
}