{
    "wiki-Vote": {
        "ProbeSim-gt": {
            "0.021": null, 
            "0.020": null, 
            "0.023": null, 
            "0.022": null, 
            "0.025": null, 
            "0.024": null, 
            "0.009": 4.01463e-05, 
            "0.008": 3.73876e-05, 
            "0.007": 2.81695e-05, 
            "0.006": 2.79044e-05, 
            "0.005": 2.44455e-05, 
            "0.004": 1.49789e-05, 
            "0.003": 1.11661e-05, 
            "0.002": null, 
            "0.001": null, 
            "0.027": null, 
            "0.026": null, 
            "0.029": null, 
            "0.028": null, 
            "0.018": null, 
            "0.019": null, 
            "0.030": null, 
            "0.010": 4.51432e-05, 
            "0.011": 6.57284e-05, 
            "0.012": 8.34414e-05, 
            "0.013": 8.04916e-05, 
            "0.014": 8.41502e-05, 
            "0.015": 6.59513e-05, 
            "0.016": null, 
            "0.017": null
        }
    }, 
    "ca-GrQc": {
        "ProbeSim-gt": {
            "0.021": null, 
            "0.020": null, 
            "0.023": null, 
            "0.022": null, 
            "0.025": null, 
            "0.024": null, 
            "0.009": 0.00521661, 
            "0.008": 0.00424383, 
            "0.007": 0.0050124, 
            "0.006": 0.00501258, 
            "0.005": 0.00522083, 
            "0.004": 0.00524076, 
            "0.003": null, 
            "0.002": null, 
            "0.001": null, 
            "0.027": null, 
            "0.026": null, 
            "0.029": null, 
            "0.028": null, 
            "0.018": null, 
            "0.019": null, 
            "0.030": null, 
            "0.010": 0.00533356, 
            "0.011": 0.00492389, 
            "0.012": 0.00467664, 
            "0.013": 0.00577841, 
            "0.014": 0.00522584, 
            "0.015": 0.00520116, 
            "0.016": null, 
            "0.017": null
        }
    }, 
    "ca-HepTh": {
        "ProbeSim-gt": {
            "0.021": null, 
            "0.020": null, 
            "0.023": null, 
            "0.022": null, 
            "0.025": null, 
            "0.024": null, 
            "0.009": 0.00589149, 
            "0.008": 0.0063935, 
            "0.007": 0.00612295, 
            "0.006": 0.00598604, 
            "0.005": 0.00615398, 
            "0.004": 0.00619216, 
            "0.003": null, 
            "0.002": null, 
            "0.001": null, 
            "0.027": null, 
            "0.026": null, 
            "0.029": null, 
            "0.028": null, 
            "0.018": null, 
            "0.019": null, 
            "0.030": null, 
            "0.010": 0.00613876, 
            "0.011": 0.00593176, 
            "0.012": 0.00630413, 
            "0.013": 0.00633088, 
            "0.014": 0.00602567, 
            "0.015": 0.00628237, 
            "0.016": null, 
            "0.017": null
        }
    }, 
    "p2p-Gnutella06": {
        "ProbeSim-gt": {
            "0.021": null, 
            "0.020": null, 
            "0.023": null, 
            "0.022": null, 
            "0.025": null, 
            "0.024": null, 
            "0.009": 0.0020059, 
            "0.008": 0.0020059, 
            "0.007": 0.0020059, 
            "0.006": 0.0020059, 
            "0.005": 0.0020059, 
            "0.004": 0.0020059, 
            "0.003": 0.0020059, 
            "0.002": 0.0020059, 
            "0.001": null, 
            "0.027": null, 
            "0.026": null, 
            "0.029": null, 
            "0.028": null, 
            "0.018": null, 
            "0.019": null, 
            "0.030": null, 
            "0.010": 0.0020059, 
            "0.011": 0.0020059, 
            "0.012": 0.0020059, 
            "0.013": 0.0020059, 
            "0.014": 0.0020059, 
            "0.015": 0.0020059, 
            "0.016": null, 
            "0.017": null
        }
    }
}