{
    "tsf": {
        "0.021": 0.004117, 
        "0.020": 0.004154, 
        "0.023": 0.004137, 
        "0.022": 0.00417, 
        "0.025": 0.004129, 
        "0.024": 0.004155, 
        "0.009": 0.00439, 
        "0.008": 0.007084, 
        "0.007": 0.004242, 
        "0.006": 0.008394, 
        "0.005": 0.004269, 
        "0.004": 0.007947, 
        "0.003": 0.004368, 
        "0.002": 0.008484, 
        "0.001": 0.007914, 
        "0.027": 0.004119, 
        "0.026": 0.004147, 
        "0.029": 0.005791, 
        "0.028": 0.004156, 
        "0.018": 0.005835, 
        "0.019": 0.004124, 
        "0.030": 0.007437, 
        "0.010": 0.004395, 
        "0.011": 0.007218, 
        "0.012": 0.004288, 
        "0.013": 0.00729, 
        "0.014": 0.006751, 
        "0.015": 0.004191, 
        "0.016": 0.007665, 
        "0.017": 0.007729
    }, 
    "full local push": {
        "0.021": 0.0268753, 
        "0.020": 0.0395062, 
        "0.023": 0.0429337, 
        "0.022": 0.0422098, 
        "0.025": 0.0272264, 
        "0.024": 0.0455239, 
        "0.009": 0.0429521, 
        "0.008": 0.0293725, 
        "0.007": 0.0298992, 
        "0.006": 0.0321362, 
        "0.005": 0.0449525, 
        "0.004": 0.0359144, 
        "0.003": 0.0418879, 
        "0.002": 0.052268, 
        "0.001": 0.096071, 
        "0.027": 0.0267544, 
        "0.026": 0.0268156, 
        "0.029": 0.0464305, 
        "0.028": 0.0432544, 
        "0.018": 0.0272422, 
        "0.019": 0.0321654, 
        "0.030": 0.0267688, 
        "0.010": 0.0284565, 
        "0.011": 0.0284686, 
        "0.012": 0.0272777, 
        "0.013": 0.0272801, 
        "0.014": 0.0439754, 
        "0.015": 0.0413226, 
        "0.016": 0.0273518, 
        "0.017": 0.0315442
    }, 
    "sling": {
        "0.021": 8.50757, 
        "0.020": 9.00178, 
        "0.023": 7.4880759999999995, 
        "0.022": 8.21611, 
        "0.025": 6.557917999999999, 
        "0.024": 7.180498, 
        "0.009": 37.756910000000005, 
        "0.008": 45.3098, 
        "0.007": 57.32267, 
        "0.006": 80.10837, 
        "0.005": 109.99239, 
        "0.004": 166.15164000000001, 
        "0.003": 281.53209, 
        "0.002": 590.88364, 
        "0.001": 2404.4359, 
        "0.027": 6.049504000000001, 
        "0.026": 6.402581999999999, 
        "0.029": 5.434692, 
        "0.028": 5.275434000000001, 
        "0.018": 11.6721, 
        "0.019": 9.75375, 
        "0.030": 5.201206, 
        "0.010": 28.212889999999998, 
        "0.011": 23.942719999999998, 
        "0.012": 22.411939999999998, 
        "0.013": 19.766530000000003, 
        "0.014": 15.685839999999999, 
        "0.015": 15.780479999999999, 
        "0.016": 13.96152, 
        "0.017": 12.74203
    }
}