{
    "reads-d": {
        "index disk size": {
            "wiki-Vote": 135.83274841308594, 
            "cit-Patents": 99447.22123718262, 
            "email-EuAll": 4172.2009353637695, 
            "web-Stanford": 11573.174438476562, 
            "ca-HepTh": 508.26426696777344, 
            "web-BerkStan": 25973.03229522705, 
            "web-NotreDame": 8227.149696350098, 
            "p2p-Gnutella06": 285.26853942871094, 
            "soc-LiveJournal1": 192995.89453125, 
            "web-Google": 28442.373901367188, 
            "ca-GrQc": 284.8116912841797, 
            "email-Enron": 1301.3343963623047
        }, 
        "indexing time": {
            "wiki-Vote": 0.990355, 
            "cit-Patents": 1979.91, 
            "email-EuAll": 19.1573, 
            "web-Stanford": 226.972, 
            "ca-HepTh": 10.3503, 
            "web-BerkStan": 964.855, 
            "web-NotreDame": 157.269, 
            "p2p-Gnutella06": 4.35229, 
            "soc-LiveJournal1": 9332.92, 
            "web-Google": 586.057, 
            "ca-GrQc": 5.60486, 
            "email-Enron": 29.3222
        }
    }, 
    "reads-s": {
        "index disk size": {
            "wiki-Vote": 34.392, 
            "cit-Patents": 17952.731, 
            "email-EuAll": 1255.703, 
            "web-Stanford": 1348.957, 
            "ca-HepTh": 47.042, 
            "web-BerkStan": 3294.052, 
            "web-NotreDame": 1549.708, 
            "p2p-Gnutella06": 41.407, 
            "soc-LiveJournal1": 23419.496, 
            "web-Google": 4174.586, 
            "ca-GrQc": 24.977, 
            "email-Enron": 176.087
        }, 
        "indexing time": {
            "wiki-Vote": 0.227624, 
            "cit-Patents": 736.124, 
            "email-EuAll": 6.18901, 
            "web-Stanford": 33.6429, 
            "ca-HepTh": 1.3267, 
            "web-BerkStan": 83.7157, 
            "web-NotreDame": 23.1204, 
            "p2p-Gnutella06": 0.752121, 
            "soc-LiveJournal1": 1317.81, 
            "web-Google": 127.261, 
            "ca-GrQc": 0.858131, 
            "email-Enron": 3.93099
        }
    }, 
    "reads-rq": {
        "index disk size": {
            "wiki-Vote": 11.633, 
            "cit-Patents": 8034.227, 
            "email-EuAll": 341.25, 
            "web-Stanford": 834.059, 
            "ca-HepTh": 35.016, 
            "web-BerkStan": 1911.173, 
            "web-NotreDame": 631.341, 
            "p2p-Gnutella06": 21.141, 
            "soc-LiveJournal1": 13557.021, 
            "web-Google": 2132.538, 
            "ca-GrQc": 19.409, 
            "email-Enron": 95.649
        }, 
        "indexing time": {
            "wiki-Vote": 0.083002, 
            "cit-Patents": 161.747, 
            "email-EuAll": 1.58863, 
            "web-Stanford": 16.2519, 
            "ca-HepTh": 0.71189, 
            "web-BerkStan": 69.4419, 
            "web-NotreDame": 11.5245, 
            "p2p-Gnutella06": 0.366277, 
            "soc-LiveJournal1": 671, 
            "web-Google": 42.6829, 
            "ca-GrQc": 0.49778, 
            "email-Enron": 2.05814
        }
    }
}