{
    "reads-d": {
        "index disk size": {
            "wiki-Vote": 142430960, 
            "cit-Patents": 104277969456, 
            "email-EuAll": 4374869768, 
            "web-Stanford": 12135352960, 
            "ca-HepTh": 532953712, 
            "web-BerkStan": 27234698312, 
            "web-NotreDame": 8626791720, 
            "p2p-Gnutella06": 299125744, 
            "soc-LiveJournal1": 999999999999999, 
            "web-Google": 29823990656, 
            "ca-GrQc": 298646704, 
            "email-Enron": 1364548016
        }, 
        "indexing time": {
            "wiki-Vote": 0.990355, 
            "cit-Patents": 1979.91, 
            "email-EuAll": 19.1573, 
            "web-Stanford": 226.997, 
            "ca-HepTh": 10.3503, 
            "web-BerkStan": 970.182, 
            "web-NotreDame": 157.269, 
            "p2p-Gnutella06": 4.35229, 
            "soc-LiveJournal1": 999999999999999.0, 
            "web-Google": 597.664, 
            "ca-GrQc": 5.60486, 
            "email-Enron": 29.3222
        }
    }, 
    "reads-s": {
        "index disk size": {
            "wiki-Vote": 34.392, 
            "cit-Patents": 17952.731, 
            "email-EuAll": 1255.703, 
            "web-Stanford": 1348.957, 
            "ca-HepTh": 47.042, 
            "web-BerkStan": 3294.052, 
            "web-NotreDame": 1549.708, 
            "p2p-Gnutella06": 41.407, 
            "soc-LiveJournal1": 23419.496, 
            "web-Google": 4174.586, 
            "ca-GrQc": 24.977, 
            "email-Enron": 176.087
        }, 
        "indexing time": {
            "wiki-Vote": 0.227624, 
            "cit-Patents": 736.124, 
            "email-EuAll": 6.18901, 
            "web-Stanford": 33.6429, 
            "ca-HepTh": 1.3267, 
            "web-BerkStan": 83.7157, 
            "web-NotreDame": 23.1204, 
            "p2p-Gnutella06": 0.752121, 
            "soc-LiveJournal1": 1317.81, 
            "web-Google": 127.261, 
            "ca-GrQc": 0.858131, 
            "email-Enron": 3.93099
        }
    }, 
    "reads-rq": {
        "index disk size": {
            "wiki-Vote": 11.633, 
            "cit-Patents": 8034.227, 
            "email-EuAll": 341.25, 
            "web-Stanford": 834.059, 
            "ca-HepTh": 35.016, 
            "web-BerkStan": 1911.173, 
            "web-NotreDame": 631.341, 
            "p2p-Gnutella06": 21.141, 
            "soc-LiveJournal1": 13557.021, 
            "web-Google": 2132.538, 
            "ca-GrQc": 19.409, 
            "email-Enron": 95.649
        }, 
        "indexing time": {
            "wiki-Vote": 0.083002, 
            "cit-Patents": 161.747, 
            "email-EuAll": 1.58863, 
            "web-Stanford": 16.2519, 
            "ca-HepTh": 0.71189, 
            "web-BerkStan": 69.4419, 
            "web-NotreDame": 11.5245, 
            "p2p-Gnutella06": 0.366277, 
            "soc-LiveJournal1": 671, 
            "web-Google": 42.6829, 
            "ca-GrQc": 0.49778, 
            "email-Enron": 2.05814
        }
    }
}