{
    "wiki-Vote": {
        "bprw-rand-bench-gt": {
            "0.0064": null, 
            "0.0001": null, 
            "0.0016": null, 
            "0.0256": null, 
            "0.0004": null
        }, 
        "sling-rand-bench-gt": {
            "0.0064": null, 
            "0.0001": null, 
            "0.0016": null, 
            "0.0256": null, 
            "0.0004": null
        }, 
        "isp-rand-bench-gt": {
            "0.0064": null, 
            "0.0001": null, 
            "0.0016": null, 
            "0.0256": null, 
            "0.0004": null
        }, 
        "flpmc-rand-bench-gt": {
            "0.0064": null, 
            "0.0001": null, 
            "0.0016": null, 
            "0.0256": null, 
            "0.0004": null
        }, 
        "bflpmc-rand-bench-gt": {
            "0.0064": null, 
            "0.0001": null, 
            "0.0016": null, 
            "0.0256": null, 
            "0.0004": null
        }
    }, 
    "ca-GrQc": {
        "bprw-rand-bench-gt": {
            "0.0064": 0.000212698, 
            "0.0001": 2.73663e-06, 
            "0.0016": 5.01581e-05, 
            "0.0256": 0.000973611, 
            "0.0004": 1.2672e-05
        }, 
        "sling-rand-bench-gt": {
            "0.0064": 9.40311e-05, 
            "0.0001": null, 
            "0.0016": 2.41588e-05, 
            "0.0256": 0.000263324, 
            "0.0004": null
        }, 
        "isp-rand-bench-gt": {
            "0.0064": 0.000996205, 
            "0.0001": 0.000995218, 
            "0.0016": 0.000995331, 
            "0.0256": 0.000999553, 
            "0.0004": 0.000995231
        }, 
        "flpmc-rand-bench-gt": {
            "0.0064": 0.000276082, 
            "0.0001": 1.01587e-05, 
            "0.0016": 9.82377e-05, 
            "0.0256": 0.000590316, 
            "0.0004": 3.15051e-05
        }, 
        "bflpmc-rand-bench-gt": {
            "0.0064": 0.000283022, 
            "0.0001": 1.00235e-05, 
            "0.0016": 0.00011262, 
            "0.0256": 0.000622293, 
            "0.0004": 3.18257e-05
        }
    }, 
    "ca-HepTh": {
        "bprw-rand-bench-gt": {
            "0.0064": null, 
            "0.0001": null, 
            "0.0016": null, 
            "0.0256": null, 
            "0.0004": null
        }, 
        "sling-rand-bench-gt": {
            "0.0064": null, 
            "0.0001": null, 
            "0.0016": null, 
            "0.0256": null, 
            "0.0004": null
        }, 
        "isp-rand-bench-gt": {
            "0.0064": null, 
            "0.0001": null, 
            "0.0016": null, 
            "0.0256": null, 
            "0.0004": null
        }, 
        "flpmc-rand-bench-gt": {
            "0.0064": null, 
            "0.0001": null, 
            "0.0016": null, 
            "0.0256": null, 
            "0.0004": null
        }, 
        "bflpmc-rand-bench-gt": {
            "0.0064": null, 
            "0.0001": null, 
            "0.0016": null, 
            "0.0256": null, 
            "0.0004": null
        }
    }, 
    "p2p-Gnutella06": {
        "bprw-rand-bench-gt": {
            "0.0064": null, 
            "0.0001": null, 
            "0.0016": null, 
            "0.0256": null, 
            "0.0004": null
        }, 
        "sling-rand-bench-gt": {
            "0.0064": null, 
            "0.0001": null, 
            "0.0016": null, 
            "0.0256": null, 
            "0.0004": null
        }, 
        "isp-rand-bench-gt": {
            "0.0064": null, 
            "0.0001": null, 
            "0.0016": null, 
            "0.0256": null, 
            "0.0004": null
        }, 
        "flpmc-rand-bench-gt": {
            "0.0064": null, 
            "0.0001": null, 
            "0.0016": null, 
            "0.0256": null, 
            "0.0004": null
        }, 
        "bflpmc-rand-bench-gt": {
            "0.0064": null, 
            "0.0001": null, 
            "0.0016": null, 
            "0.0256": null, 
            "0.0004": null
        }
    }
}