{
    "wiki-Vote": {
        "ProbeSim-gt": {
            "0.0064": 5.81711e-06, 
            "0.0001": null, 
            "0.0016": null, 
            "0.0256": 3.23638e-05, 
            "0.0004": null
        }
    }, 
    "ca-GrQc": {
        "ProbeSim-gt": {
            "0.0064": 0.00020626, 
            "0.0001": null, 
            "0.0016": null, 
            "0.0256": 0.000212324, 
            "0.0004": null
        }
    }, 
    "ca-HepTh": {
        "ProbeSim-gt": {
            "0.0064": 0.000102724, 
            "0.0001": null, 
            "0.0016": null, 
            "0.0256": 0.000112547, 
            "0.0004": null
        }
    }, 
    "p2p-Gnutella06": {
        "ProbeSim-gt": {
            "0.0064": 3.53056e-05, 
            "0.0001": null, 
            "0.0016": null, 
            "0.0256": 5.96546e-05, 
            "0.0004": null
        }
    }
}