{
    "wiki-Vote": {
        "bprw": {
            "0.0064": 0.000142163, 
            "0.0001": 2.14799e-06, 
            "0.0016": 3.28443e-05, 
            "0.0256": 0.000672047, 
            "0.0004": 8.56926e-06
        }, 
        "sling": {
            "0.0064": 1.46834e-05, 
            "0.0001": null, 
            "0.0016": 2.86631e-06, 
            "0.0256": 3.77184e-05, 
            "0.0004": null
        }, 
        "reads-rq": {
            "0.0064": 8.16827e-05, 
            "0.0001": 8.19196e-05, 
            "0.0016": 8.15655e-05, 
            "0.0256": 9.22221e-05, 
            "0.0004": 8.19022e-05
        }, 
        "tsf": {
            "0.0064": 0.000369631, 
            "0.0001": null, 
            "0.0016": null, 
            "0.0256": 0.000855327, 
            "0.0004": null
        }, 
        "lind": {
            "0.0064": null, 
            "0.0001": null, 
            "0.0016": null, 
            "0.0256": 7.8114e-06, 
            "0.0004": null
        }, 
        "isp": {
            "0.0064": 0.000237644, 
            "0.0001": 0.000237644, 
            "0.0016": 0.000237644, 
            "0.0256": 0.000237644, 
            "0.0004": 0.000237644
        }, 
        "bflpmc": {
            "0.0064": 4.90703e-05, 
            "0.0001": 6.65011e-06, 
            "0.0016": 3.08184e-05, 
            "0.0256": 8.02046e-05, 
            "0.0004": 1.52944e-05
        }, 
        "reads-d": {
            "0.0064": 8.00294e-05, 
            "0.0001": null, 
            "0.0016": 8.03321e-05, 
            "0.0256": 7.94424e-05, 
            "0.0004": null
        }, 
        "cw": {
            "0.0064": null, 
            "0.0001": null, 
            "0.0016": null, 
            "0.0256": 6.52595e-05, 
            "0.0004": null
        }, 
        "flpmc": {
            "0.0064": 5.07444e-05, 
            "0.0001": 7.1351e-06, 
            "0.0016": 2.97215e-05, 
            "0.0256": 8.18851e-05, 
            "0.0004": 1.73193e-05
        }
    }, 
    "ca-GrQc": {
        "bprw": {
            "0.0064": 0.000212698, 
            "0.0001": 2.73663e-06, 
            "0.0016": 5.01581e-05, 
            "0.0256": 0.000973611, 
            "0.0004": 1.2672e-05
        }, 
        "sling": {
            "0.0064": 9.40311e-05, 
            "0.0001": null, 
            "0.0016": 2.41588e-05, 
            "0.0256": 0.000263324, 
            "0.0004": null
        }, 
        "reads-rq": {
            "0.0064": 0.00034172, 
            "0.0001": 0.000338978, 
            "0.0016": 0.000342288, 
            "0.0256": 0.000618505, 
            "0.0004": 0.000344087
        }, 
        "tsf": {
            "0.0064": 0.000651825, 
            "0.0001": null, 
            "0.0016": 0.000548117, 
            "0.0256": 0.00105321, 
            "0.0004": null
        }, 
        "lind": {
            "0.0064": null, 
            "0.0001": null, 
            "0.0016": null, 
            "0.0256": 7.64186e-05, 
            "0.0004": null
        }, 
        "isp": {
            "0.0064": 0.000996205, 
            "0.0001": 0.000995218, 
            "0.0016": 0.000995331, 
            "0.0256": 0.000999553, 
            "0.0004": 0.000995231
        }, 
        "bflpmc": {
            "0.0064": 0.000283022, 
            "0.0001": 1.00235e-05, 
            "0.0016": 0.00011262, 
            "0.0256": 0.000622293, 
            "0.0004": 3.18257e-05
        }, 
        "reads-d": {
            "0.0064": 0.00019803, 
            "0.0001": null, 
            "0.0016": 0.000176994, 
            "0.0256": 0.000430335, 
            "0.0004": null
        }, 
        "cw": {
            "0.0064": null, 
            "0.0001": null, 
            "0.0016": null, 
            "0.0256": 0.00010817, 
            "0.0004": null
        }, 
        "flpmc": {
            "0.0064": 0.000276082, 
            "0.0001": 1.01587e-05, 
            "0.0016": 9.82377e-05, 
            "0.0256": 0.000590316, 
            "0.0004": 3.15051e-05
        }
    }, 
    "ca-HepTh": {
        "bprw": {
            "0.0064": 0.000153227, 
            "0.0001": 2.10578e-06, 
            "0.0016": 3.67357e-05, 
            "0.0256": 0.000729964, 
            "0.0004": 8.32289e-06
        }, 
        "sling": {
            "0.0064": 8.4523e-05, 
            "0.0001": null, 
            "0.0016": 2.55335e-05, 
            "0.0256": 0.000199879, 
            "0.0004": null
        }, 
        "reads-rq": {
            "0.0064": 0.000204704, 
            "0.0001": 0.000204008, 
            "0.0016": 0.000209722, 
            "0.0256": 0.000421081, 
            "0.0004": 0.000210745
        }, 
        "tsf": {
            "0.0064": 0.000394857, 
            "0.0001": null, 
            "0.0016": null, 
            "0.0256": 0.000692223, 
            "0.0004": null
        }, 
        "lind": {
            "0.0064": null, 
            "0.0001": null, 
            "0.0016": null, 
            "0.0256": 3.19808e-05, 
            "0.0004": null
        }, 
        "isp": {
            "0.0064": 0.000561845, 
            "0.0001": 0.000561083, 
            "0.0016": 0.000561187, 
            "0.0256": 0.000564323, 
            "0.0004": 0.000561096
        }, 
        "bflpmc": {
            "0.0064": 0.00020469, 
            "0.0001": 9.33001e-06, 
            "0.0016": 7.74947e-05, 
            "0.0256": 0.000439146, 
            "0.0004": 2.73859e-05
        }, 
        "reads-d": {
            "0.0064": 0.000126711, 
            "0.0001": null, 
            "0.0016": null, 
            "0.0256": 0.000294257, 
            "0.0004": null
        }, 
        "cw": {
            "0.0064": null, 
            "0.0001": null, 
            "0.0016": null, 
            "0.0256": 5.66386e-05, 
            "0.0004": null
        }, 
        "flpmc": {
            "0.0064": 0.000206448, 
            "0.0001": 8.9491e-06, 
            "0.0016": 8.31807e-05, 
            "0.0256": 0.000399781, 
            "0.0004": 3.01658e-05
        }
    }, 
    "p2p-Gnutella06": {
        "bprw": {
            "0.0064": 9.24116e-05, 
            "0.0001": 1.40793e-06, 
            "0.0016": 2.20635e-05, 
            "0.0256": 0.000713129, 
            "0.0004": 5.79095e-06
        }, 
        "sling": {
            "0.0064": 2.8338e-05, 
            "0.0001": null, 
            "0.0016": 9.92098e-06, 
            "0.0256": 6.58227e-05, 
            "0.0004": null
        }, 
        "reads-rq": {
            "0.0064": 0.000359952, 
            "0.0001": 0.000359565, 
            "0.0016": 0.000356263, 
            "0.0256": 0.000639765, 
            "0.0004": 0.000357019
        }, 
        "tsf": {
            "0.0064": 0.000777611, 
            "0.0001": null, 
            "0.0016": null, 
            "0.0256": 0.00137305, 
            "0.0004": null
        }, 
        "lind": {
            "0.0064": null, 
            "0.0001": null, 
            "0.0016": null, 
            "0.0256": 4.41501e-05, 
            "0.0004": null
        }, 
        "isp": {
            "0.0064": 5.67831e-05, 
            "0.0001": 5.67593e-05, 
            "0.0016": 5.67595e-05, 
            "0.0256": 5.74788e-05, 
            "0.0004": 5.67593e-05
        }, 
        "bflpmc": {
            "0.0064": 0.000104193, 
            "0.0001": 4.97468e-06, 
            "0.0016": 3.6751e-05, 
            "0.0256": 0.000392798, 
            "0.0004": 1.28013e-05
        }, 
        "reads-d": {
            "0.0064": 0.000124945, 
            "0.0001": null, 
            "0.0016": 4.58484e-05, 
            "0.0256": 0.000427909, 
            "0.0004": null
        }, 
        "cw": {
            "0.0064": null, 
            "0.0001": null, 
            "0.0016": null, 
            "0.0256": 0.00067314, 
            "0.0004": null
        }, 
        "flpmc": {
            "0.0064": 0.000221328, 
            "0.0001": 5.56735e-06, 
            "0.0016": 6.65942e-05, 
            "0.0256": 0.000696535,