{
    "wiki-Vote": {
        "bprw": {
            "0.0064": 0.91625, 
            "0.0001": 0.9975, 
            "0.0016": 0.9725, 
            "0.0256": 0.75375, 
            "0.0004": 0.99125
        }, 
        "sling": {
            "0.0064": 0.9975, 
            "0.0001": null, 
            "0.0016": 0.99875, 
            "0.0256": 0.9925, 
            "0.0004": null
        }, 
        "reads-rq": {
            "0.0064": 0.26, 
            "0.0001": 0.26, 
            "0.0016": 0.26, 
            "0.0256": 0.26, 
            "0.0004": 0.26
        }, 
        "tsf": {
            "0.0064": 0.92625, 
            "0.0001": null, 
            "0.0016": null, 
            "0.0256": 0.7675, 
            "0.0004": null
        }, 
        "lind": {
            "0.0064": null, 
            "0.0001": null, 
            "0.0016": null, 
            "0.0256": 1.0, 
            "0.0004": null
        }, 
        "isp": {
            "0.0064": 0.7475, 
            "0.0001": 0.7475, 
            "0.0016": 0.7475, 
            "0.0256": 0.7475, 
            "0.0004": 0.7475
        }, 
        "bflpmc": {
            "0.0064": 0.9625, 
            "0.0001": 0.99375, 
            "0.0016": 0.97375, 
            "0.0256": 0.9525, 
            "0.0004": 0.9875
        }, 
        "reads-d": {
            "0.0064": null, 
            "0.0001": null, 
            "0.0016": null, 
            "0.0256": null, 
            "0.0004": null
        }, 
        "cw": {
            "0.0064": null, 
            "0.0001": null, 
            "0.0016": null, 
            "0.0256": 0.9925, 
            "0.0004": null
        }, 
        "flpmc": {
            "0.0064": 0.96375, 
            "0.0001": 0.99125, 
            "0.0016": 0.98125, 
            "0.0256": 0.95375, 
            "0.0004": 0.98875
        }
    }, 
    "ca-GrQc": {
        "bprw": {
            "0.0064": 0.855, 
            "0.0001": 0.9975, 
            "0.0016": 0.95625, 
            "0.0256": 0.645, 
            "0.0004": 0.9875
        }, 
        "sling": {
            "0.0064": 0.9625, 
            "0.0001": null, 
            "0.0016": 0.99375, 
            "0.0256": 0.93125, 
            "0.0004": null
        }, 
        "reads-rq": {
            "0.0064": 0.375, 
            "0.0001": 0.375, 
            "0.0016": 0.375, 
            "0.0256": 0.375, 
            "0.0004": 0.375
        }, 
        "tsf": {
            "0.0064": 0.85125, 
            "0.0001": null, 
            "0.0016": 0.88125, 
            "0.0256": 0.73, 
            "0.0004": null
        }, 
        "lind": {
            "0.0064": null, 
            "0.0001": null, 
            "0.0016": null, 
            "0.0256": 0.995, 
            "0.0004": null
        }, 
        "isp": {
            "0.0064": 0.76625, 
            "0.0001": 0.76625, 
            "0.0016": 0.76625, 
            "0.0256": 0.76625, 
            "0.0004": 0.76625
        }, 
        "bflpmc": {
            "0.0064": 0.80625, 
            "0.0001": 0.9875, 
            "0.0016": 0.9075, 
            "0.0256": 0.71625, 
            "0.0004": 0.95875
        }, 
        "reads-d": {
            "0.0064": null, 
            "0.0001": null, 
            "0.0016": null, 
            "0.0256": null, 
            "0.0004": null
        }, 
        "cw": {
            "0.0064": null, 
            "0.0001": null, 
            "0.0016": null, 
            "0.0256": 0.98125, 
            "0.0004": null
        }, 
        "flpmc": {
            "0.0064": 0.825, 
            "0.0001": 0.98875, 
            "0.0016": 0.925, 
            "0.0256": 0.75125, 
            "0.0004": 0.975
        }
    }, 
    "ca-HepTh": {
        "bprw": {
            "0.0064": 0.81375, 
            "0.0001": 0.9975, 
            "0.0016": 0.95, 
            "0.0256": 0.53375, 
            "0.0004": 0.9875
        }, 
        "sling": {
            "0.0064": 0.9625, 
            "0.0001": null, 
            "0.0016": 0.99, 
            "0.0256": 0.92625, 
            "0.0004": null
        }, 
        "reads-rq": {
            "0.0064": 0.355, 
            "0.0001": 0.355, 
            "0.0016": 0.355, 
            "0.0256": 0.355, 
            "0.0004": 0.355
        }, 
        "tsf": {
            "0.0064": 0.82625, 
            "0.0001": null, 
            "0.0016": null, 
            "0.0256": 0.63, 
            "0.0004": null
        }, 
        "lind": {
            "0.0064": null, 
            "0.0001": null, 
            "0.0016": null, 
            "0.0256": 0.99875, 
            "0.0004": null
        }, 
        "isp": {
            "0.0064": 0.74125, 
            "0.0001": 0.74125, 
            "0.0016": 0.74125, 
            "0.0256": 0.74125, 
            "0.0004": 0.74125
        }, 
        "bflpmc": {
            "0.0064": 0.77125, 
            "0.0001": 0.985, 
            "0.0016": 0.89625, 
            "0.0256": 0.6825, 
            "0.0004": 0.96875
        }, 
        "reads-d": {
            "0.0064": null, 
            "0.0001": null, 
            "0.0016": null, 
            "0.0256": null, 
            "0.0004": null
        }, 
        "cw": {
            "0.0064": null, 
            "0.0001": null, 
            "0.0016": null, 
            "0.0256": 0.97875, 
            "0.0004": null
        }, 
        "flpmc": {
            "0.0064": 0.80625, 
            "0.0001": 0.985, 
            "0.0016": 0.9125, 
            "0.0256": 0.7, 
            "0.0004": 0.965
        }
    }, 
    "p2p-Gnutella06": {
        "bprw": {
            "0.0064": 0.83375, 
            "0.0001": 0.99625, 
            "0.0016": 0.9775, 
            "0.0256": 0.51625, 
            "0.0004": 0.99375
        }, 
        "sling": {
            "0.0064": 0.99125, 
            "0.0001": null, 
            "0.0016": 0.9975, 
            "0.0256": 0.975, 
            "0.0004": null
        }, 
        "reads-rq": {
            "0.0064": 0.46, 
            "0.0001": 0.46, 
            "0.0016": 0.46, 
            "0.0256": 0.46, 
            "0.0004": 0.46
        }, 
        "tsf": {
            "0.0064": 0.81625, 
            "0.0001": null, 
            "0.0016": null, 
            "0.0256": 0.69625, 
            "0.0004": null
        }, 
        "lind": {
            "0.0064": null, 
            "0.0001": null, 
            "0.0016": null, 
            "0.0256": 0.9975, 
            "0.0004": null
        }, 
        "isp": {
            "0.0064": 0.97375, 
            "0.0001": 0.97375, 
            "0.0016": 0.97375, 
            "0.0256": 0.9725, 
            "0.0004": 0.97375
        }, 
        "bflpmc": {
            "0.0064": 0.78, 
            "0.0001": 0.99375, 
            "0.0016": 0.95, 
            "0.0256": 0.5775, 
            "0.0004": 0.98
        }, 
        "reads-d": {
            "0.0064": null, 
            "0.0001": null, 
            "0.0016": null, 
            "0.0256": null, 
            "0.0004": null
        }, 
        "cw": {
            "0.0064": null, 
            "0.0001": null, 
            "0.0016": null, 
            "0.0256": 0.95375, 
            "0.0004": null
        }, 
        "flpmc": {
            "0.0064": 0.83, 
            "0.0001": 0.98875, 
            "0.0016": 0.935, 
            "0.0256": 0.60375, 
            "0.0004": 0.97625
        }
    }
}