{
    "wiki-Vote": {
        "ProbeSim-gt": {
            "0.0064": 0.995, 
            "0.0001": null, 
            "0.0016": null, 
            "0.0256": 0.97875, 
            "0.0004": null
        }
    }, 
    "ca-GrQc": {
        "ProbeSim-gt": {
            "0.0064": 0.95875, 
            "0.0001": null, 
            "0.0016": null, 
            "0.0256": 0.925, 
            "0.0004": null
        }
    }, 
    "ca-HepTh": {
        "ProbeSim-gt": {
            "0.0064": 0.96875, 
            "0.0001": null, 
            "0.0016": null, 
            "0.0256": 0.91375, 
            "0.0004": null
        }
    }, 
    "p2p-Gnutella06": {
        "ProbeSim-gt": {
            "0.0064": 0.98375, 
            "0.0001": null, 
            "0.0016": null, 
            "0.0256": 0.965, 
            "0.0004": null
        }
    }
}